line,characters,classification,queue_id,voice_attribution,review_status
1,12,unresolved_fragment,,unattributed,requires_semantic_review
2,0,blank,,unattributed,classified
3,7,structural,,unattributed,classified
4,31,symbolic_candidate,,unattributed,requires_semantic_review
5,1,structural,,unattributed,classified
6,78,external_citation,X-0001,unattributed,requires_semantic_review
7,15,symbolic_candidate,,unattributed,requires_semantic_review
8,72,external_citation,X-0002,unattributed,requires_semantic_review
9,10,unresolved_fragment,,unattributed,requires_semantic_review
10,74,external_citation,X-0003,unattributed,requires_semantic_review
11,72,external_citation,X-0004,unattributed,requires_semantic_review
12,77,prose_candidate,X-0005,unattributed,requires_semantic_review
13,29,prose_candidate,X-0006,unattributed,requires_semantic_review
14,1,structural,,unattributed,classified
15,75,external_citation,X-0007,unattributed,requires_semantic_review
16,48,prose_candidate,X-0008,unattributed,requires_semantic_review
17,72,external_citation,X-0009,unattributed,requires_semantic_review
18,21,symbolic_candidate,,unattributed,requires_semantic_review
19,79,external_citation,X-0010,unattributed,requires_semantic_review
20,64,unresolved_fragment,,unattributed,requires_semantic_review
21,12,unresolved_fragment,,unattributed,requires_semantic_review
22,22,unresolved_fragment,,unattributed,requires_semantic_review
23,18,symbolic_candidate,,unattributed,requires_semantic_review
24,1,structural,,unattributed,classified
25,41,symbolic_candidate,,unattributed,requires_semantic_review
26,32,symbolic_candidate,,unattributed,requires_semantic_review
27,8,structural,,unattributed,classified
28,5,unresolved_fragment,,unattributed,requires_semantic_review
29,2,unresolved_fragment,,unattributed,requires_semantic_review
30,5,structural,,unattributed,classified
31,6,unresolved_fragment,,unattributed,requires_semantic_review
32,14,symbolic_candidate,,unattributed,requires_semantic_review
33,12,unresolved_fragment,,unattributed,requires_semantic_review
34,12,structural,,unattributed,classified
35,33,prose_candidate,X-0011,unattributed,requires_semantic_review
36,34,prose_candidate,X-0012,unattributed,requires_semantic_review
37,47,unresolved_fragment,,unattributed,requires_semantic_review
38,58,prose_candidate,X-0013,unattributed,requires_semantic_review
39,10,unresolved_fragment,,unattributed,requires_semantic_review
40,22,unresolved_fragment,,unattributed,requires_semantic_review
41,52,unresolved_fragment,,unattributed,requires_semantic_review
42,34,prose_candidate,X-0014,unattributed,requires_semantic_review
43,12,unresolved_fragment,,unattributed,requires_semantic_review
44,48,prose_candidate,X-0015,unattributed,requires_semantic_review
45,12,unresolved_fragment,,unattributed,requires_semantic_review
46,11,unresolved_fragment,,unattributed,requires_semantic_review
47,24,prose_candidate,X-0016,unattributed,requires_semantic_review
48,28,symbolic_candidate,,unattributed,requires_semantic_review
49,35,unresolved_fragment,,unattributed,requires_semantic_review
50,11,unresolved_fragment,,unattributed,requires_semantic_review
51,15,unresolved_fragment,,unattributed,requires_semantic_review
52,19,unresolved_fragment,,unattributed,requires_semantic_review
53,26,prose_candidate,X-0017,unattributed,requires_semantic_review
54,28,prose_candidate,X-0018,unattributed,requires_semantic_review
55,11,unresolved_fragment,,unattributed,requires_semantic_review
56,12,symbolic_candidate,,unattributed,requires_semantic_review
57,25,unresolved_fragment,,unattributed,requires_semantic_review
58,16,unresolved_fragment,,unattributed,requires_semantic_review
59,20,symbolic_candidate,,unattributed,requires_semantic_review
60,47,prose_candidate,X-0019,unattributed,requires_semantic_review
61,8,structural,,unattributed,classified
62,9,unresolved_fragment,,unattributed,requires_semantic_review
63,2,unresolved_fragment,,unattributed,requires_semantic_review
64,6,unresolved_fragment,,unattributed,requires_semantic_review
65,7,unresolved_fragment,,unattributed,requires_semantic_review
66,9,unresolved_fragment,,unattributed,requires_semantic_review
67,36,symbolic_candidate,,unattributed,requires_semantic_review
68,9,unresolved_fragment,,unattributed,requires_semantic_review
69,33,symbolic_candidate,,unattributed,requires_semantic_review
70,9,unresolved_fragment,,unattributed,requires_semantic_review
71,29,prose_candidate,X-0020,unattributed,requires_semantic_review
72,9,unresolved_fragment,,unattributed,requires_semantic_review
73,37,symbolic_candidate,,unattributed,requires_semantic_review
74,6,structural,,unattributed,classified
75,14,symbolic_candidate,,unattributed,requires_semantic_review
76,12,unresolved_fragment,,unattributed,requires_semantic_review
77,8,unresolved_fragment,,unattributed,requires_semantic_review
78,11,unresolved_fragment,,unattributed,requires_semantic_review
79,10,unresolved_fragment,,unattributed,requires_semantic_review
80,10,unresolved_fragment,,unattributed,requires_semantic_review
81,6,unresolved_fragment,,unattributed,requires_semantic_review
82,6,unresolved_fragment,,unattributed,requires_semantic_review
83,15,unresolved_fragment,,unattributed,requires_semantic_review
84,15,unresolved_fragment,,unattributed,requires_semantic_review
85,17,unresolved_fragment,,unattributed,requires_semantic_review
86,15,unresolved_fragment,,unattributed,requires_semantic_review
87,12,unresolved_fragment,,unattributed,requires_semantic_review
88,9,unresolved_fragment,,unattributed,requires_semantic_review
89,11,unresolved_fragment,,unattributed,requires_semantic_review
90,6,unresolved_fragment,,unattributed,requires_semantic_review
91,8,unresolved_fragment,,unattributed,requires_semantic_review
92,6,unresolved_fragment,,unattributed,requires_semantic_review
93,8,unresolved_fragment,,unattributed,requires_semantic_review
94,18,symbolic_candidate,,unattributed,requires_semantic_review
95,23,symbolic_candidate,,unattributed,requires_semantic_review
96,21,unresolved_fragment,,unattributed,requires_semantic_review
97,14,unresolved_fragment,,unattributed,requires_semantic_review
98,6,structural,,unattributed,classified
99,11,unresolved_fragment,,unattributed,requires_semantic_review
100,15,unresolved_fragment,,unattributed,requires_semantic_review
101,20,symbolic_candidate,,unattributed,requires_semantic_review
102,14,unresolved_fragment,,unattributed,requires_semantic_review
103,19,unresolved_fragment,,unattributed,requires_semantic_review
104,4,unresolved_fragment,,unattributed,requires_semantic_review
105,4,structural,,unattributed,classified
106,11,symbolic_candidate,,unattributed,requires_semantic_review
107,6,unresolved_fragment,,unattributed,requires_semantic_review
108,14,symbolic_candidate,,unattributed,requires_semantic_review
109,7,unresolved_fragment,,unattributed,requires_semantic_review
110,17,symbolic_candidate,,unattributed,requires_semantic_review
111,8,unresolved_fragment,,unattributed,requires_semantic_review
112,12,symbolic_candidate,,unattributed,requires_semantic_review
113,8,unresolved_fragment,,unattributed,requires_semantic_review
114,19,symbolic_candidate,,unattributed,requires_semantic_review
115,12,unresolved_fragment,,unattributed,requires_semantic_review
116,7,symbolic_candidate,,unattributed,requires_semantic_review
117,4,unresolved_fragment,,unattributed,requires_semantic_review
118,8,symbolic_candidate,,unattributed,requires_semantic_review
119,5,unresolved_fragment,,unattributed,requires_semantic_review
120,8,symbolic_candidate,,unattributed,requires_semantic_review
121,17,unresolved_fragment,,unattributed,requires_semantic_review
122,24,symbolic_candidate,,unattributed,requires_semantic_review
123,7,symbolic_candidate,,unattributed,requires_semantic_review
124,4,unresolved_fragment,,unattributed,requires_semantic_review
125,27,symbolic_candidate,,unattributed,requires_semantic_review
126,19,symbolic_candidate,,unattributed,requires_semantic_review
127,10,unresolved_fragment,,unattributed,requires_semantic_review
128,20,symbolic_candidate,,unattributed,requires_semantic_review
129,9,unresolved_fragment,,unattributed,requires_semantic_review
130,15,symbolic_candidate,,unattributed,requires_semantic_review
131,7,symbolic_candidate,,unattributed,requires_semantic_review
132,44,symbolic_candidate,,unattributed,requires_semantic_review
133,10,unresolved_fragment,,unattributed,requires_semantic_review
134,20,symbolic_candidate,,unattributed,requires_semantic_review
135,9,unresolved_fragment,,unattributed,requires_semantic_review
136,20,symbolic_candidate,,unattributed,requires_semantic_review
137,10,symbolic_candidate,,unattributed,requires_semantic_review
138,6,structural,,unattributed,classified
139,14,symbolic_candidate,,unattributed,requires_semantic_review
140,18,unresolved_fragment,,unattributed,requires_semantic_review
141,27,prose_candidate,X-0021,unattributed,requires_semantic_review
142,26,symbolic_candidate,,unattributed,requires_semantic_review
143,19,symbolic_candidate,,unattributed,requires_semantic_review
144,18,symbolic_candidate,,unattributed,requires_semantic_review
145,10,symbolic_candidate,,unattributed,requires_semantic_review
146,28,symbolic_candidate,,unattributed,requires_semantic_review
147,7,structural,,unattributed,classified
148,17,unresolved_fragment,,unattributed,requires_semantic_review
149,26,symbolic_candidate,,unattributed,requires_semantic_review
150,16,unresolved_fragment,,unattributed,requires_semantic_review
151,28,unresolved_fragment,,unattributed,requires_semantic_review
152,16,unresolved_fragment,,unattributed,requires_semantic_review
153,29,symbolic_candidate,,unattributed,requires_semantic_review
154,28,symbolic_candidate,,unattributed,requires_semantic_review
155,8,unresolved_fragment,,unattributed,requires_semantic_review
156,19,symbolic_candidate,,unattributed,requires_semantic_review
157,56,unresolved_fragment,,unattributed,requires_semantic_review
158,4,structural,,unattributed,classified
159,21,symbolic_candidate,,unattributed,requires_semantic_review
160,9,unresolved_fragment,,unattributed,requires_semantic_review
161,21,symbolic_candidate,,unattributed,requires_semantic_review
162,9,unresolved_fragment,,unattributed,requires_semantic_review
163,19,symbolic_candidate,,unattributed,requires_semantic_review
164,12,unresolved_fragment,,unattributed,requires_semantic_review
165,14,symbolic_candidate,,unattributed,requires_semantic_review
166,7,unresolved_fragment,,unattributed,requires_semantic_review
167,17,symbolic_candidate,,unattributed,requires_semantic_review
168,13,unresolved_fragment,,unattributed,requires_semantic_review
169,17,symbolic_candidate,,unattributed,requires_semantic_review
170,10,unresolved_fragment,,unattributed,requires_semantic_review
171,17,symbolic_candidate,,unattributed,requires_semantic_review
172,13,unresolved_fragment,,unattributed,requires_semantic_review
173,11,symbolic_candidate,,unattributed,requires_semantic_review
174,5,unresolved_fragment,,unattributed,requires_semantic_review
175,21,symbolic_candidate,,unattributed,requires_semantic_review
176,9,unresolved_fragment,,unattributed,requires_semantic_review
177,25,prose_candidate,X-0022,unattributed,requires_semantic_review
178,9,unresolved_fragment,,unattributed,requires_semantic_review
179,9,symbolic_candidate,,unattributed,requires_semantic_review
180,4,unresolved_fragment,,unattributed,requires_semantic_review
181,22,unresolved_fragment,,unattributed,requires_semantic_review
182,25,prose_candidate,X-0023,unattributed,requires_semantic_review
183,6,unresolved_fragment,,unattributed,requires_semantic_review
184,15,symbolic_candidate,,unattributed,requires_semantic_review
185,7,unresolved_fragment,,unattributed,requires_semantic_review
186,13,symbolic_candidate,,unattributed,requires_semantic_review
187,7,unresolved_fragment,,unattributed,requires_semantic_review
188,9,symbolic_candidate,,unattributed,requires_semantic_review
189,7,unresolved_fragment,,unattributed,requires_semantic_review
190,22,unresolved_fragment,,unattributed,requires_semantic_review
191,45,symbolic_candidate,,unattributed,requires_semantic_review
192,44,symbolic_candidate,,unattributed,requires_semantic_review
193,43,symbolic_candidate,,unattributed,requires_semantic_review
194,67,prose_candidate,X-0024,unattributed,requires_semantic_review
195,71,unresolved_fragment,,unattributed,requires_semantic_review
196,21,unresolved_fragment,,unattributed,requires_semantic_review
197,41,symbolic_candidate,,unattributed,requires_semantic_review
198,10,structural,,unattributed,classified
199,30,symbolic_candidate,,unattributed,requires_semantic_review
200,11,unresolved_fragment,,unattributed,requires_semantic_review
201,18,unresolved_fragment,,unattributed,requires_semantic_review
202,18,unresolved_fragment,,unattributed,requires_semantic_review
203,49,prose_candidate,X-0025,unattributed,requires_semantic_review
204,62,prose_candidate,X-0026,unattributed,requires_semantic_review
205,61,prose_candidate,X-0027,unattributed,requires_semantic_review
206,73,unresolved_fragment,,unattributed,requires_semantic_review
207,35,symbolic_candidate,,unattributed,requires_semantic_review
208,29,prose_candidate,X-0028,dialogue_turn_unattributed,requires_semantic_review
209,31,prose_candidate,X-0029,unattributed,requires_semantic_review
210,41,symbolic_candidate,,unattributed,requires_semantic_review
211,4,structural,,unattributed,classified
212,25,symbolic_candidate,,unattributed,requires_semantic_review
213,10,unresolved_fragment,,unattributed,requires_semantic_review
214,8,symbolic_candidate,,unattributed,requires_semantic_review
215,4,unresolved_fragment,,unattributed,requires_semantic_review
216,19,symbolic_candidate,,unattributed,requires_semantic_review
217,9,unresolved_fragment,,unattributed,requires_semantic_review
218,18,symbolic_candidate,,unattributed,requires_semantic_review
219,9,unresolved_fragment,,unattributed,requires_semantic_review
220,15,symbolic_candidate,,unattributed,requires_semantic_review
221,10,unresolved_fragment,,unattributed,requires_semantic_review
222,7,unresolved_fragment,,unattributed,requires_semantic_review
223,6,unresolved_fragment,,unattributed,requires_semantic_review
224,24,unresolved_fragment,,unattributed,requires_semantic_review
225,14,symbolic_candidate,,unattributed,requires_semantic_review
226,10,unresolved_fragment,,unattributed,requires_semantic_review
227,16,symbolic_candidate,,unattributed,requires_semantic_review
228,7,unresolved_fragment,,unattributed,requires_semantic_review
229,12,symbolic_candidate,,unattributed,requires_semantic_review
230,7,unresolved_fragment,,unattributed,requires_semantic_review
231,11,symbolic_candidate,,unattributed,requires_semantic_review
232,6,unresolved_fragment,,unattributed,requires_semantic_review
233,47,prose_candidate,X-0030,unattributed,requires_semantic_review
234,47,prose_candidate,X-0031,unattributed,requires_semantic_review
235,12,symbolic_candidate,,unattributed,requires_semantic_review
236,7,unresolved_fragment,,unattributed,requires_semantic_review
237,8,symbolic_candidate,,unattributed,requires_semantic_review
238,5,unresolved_fragment,,unattributed,requires_semantic_review
239,7,symbolic_candidate,,unattributed,requires_semantic_review
240,6,unresolved_fragment,,unattributed,requires_semantic_review
241,17,symbolic_candidate,,unattributed,requires_semantic_review
242,16,symbolic_candidate,,unattributed,requires_semantic_review
243,9,symbolic_candidate,,unattributed,requires_semantic_review
244,6,unresolved_fragment,,unattributed,requires_semantic_review
245,11,symbolic_candidate,,unattributed,requires_semantic_review
246,7,unresolved_fragment,,unattributed,requires_semantic_review
247,29,prose_candidate,X-0032,unattributed,requires_semantic_review
248,12,unresolved_fragment,,unattributed,requires_semantic_review
249,13,symbolic_candidate,,unattributed,requires_semantic_review
250,8,unresolved_fragment,,unattributed,requires_semantic_review
251,20,symbolic_candidate,,unattributed,requires_semantic_review
252,10,unresolved_fragment,,unattributed,requires_semantic_review
253,10,symbolic_candidate,,unattributed,requires_semantic_review
254,6,unresolved_fragment,,unattributed,requires_semantic_review
255,8,symbolic_candidate,,unattributed,requires_semantic_review
256,5,unresolved_fragment,,unattributed,requires_semantic_review
257,11,symbolic_candidate,,unattributed,requires_semantic_review
258,53,prose_candidate,X-0033,unattributed,requires_semantic_review
259,12,symbolic_candidate,,unattributed,requires_semantic_review
260,43,symbolic_candidate,,unattributed,requires_semantic_review
261,14,symbolic_candidate,,unattributed,requires_semantic_review
262,50,unresolved_fragment,,unattributed,requires_semantic_review
263,17,symbolic_candidate,,unattributed,requires_semantic_review
264,7,unresolved_fragment,,unattributed,requires_semantic_review
265,15,symbolic_candidate,,unattributed,requires_semantic_review
266,9,unresolved_fragment,,unattributed,requires_semantic_review
267,24,symbolic_candidate,,unattributed,requires_semantic_review
268,10,unresolved_fragment,,unattributed,requires_semantic_review
269,5,symbolic_candidate,,unattributed,requires_semantic_review
270,6,unresolved_fragment,,unattributed,requires_semantic_review
271,5,symbolic_candidate,,unattributed,requires_semantic_review
272,5,unresolved_fragment,,unattributed,requires_semantic_review
273,10,symbolic_candidate,,unattributed,requires_semantic_review
274,9,unresolved_fragment,,unattributed,requires_semantic_review
275,15,symbolic_candidate,,unattributed,requires_semantic_review
276,8,unresolved_fragment,,unattributed,requires_semantic_review
277,9,symbolic_candidate,,unattributed,requires_semantic_review
278,5,unresolved_fragment,,unattributed,requires_semantic_review
279,12,symbolic_candidate,,unattributed,requires_semantic_review
280,7,unresolved_fragment,,unattributed,requires_semantic_review
281,6,symbolic_candidate,,unattributed,requires_semantic_review
282,7,symbolic_candidate,,unattributed,requires_semantic_review
283,6,symbolic_candidate,,unattributed,requires_semantic_review
284,3,unresolved_fragment,,unattributed,requires_semantic_review
285,35,unresolved_fragment,,unattributed,requires_semantic_review
286,42,unresolved_fragment,,unattributed,requires_semantic_review
287,9,structural,,unattributed,classified
288,29,unresolved_fragment,,unattributed,requires_semantic_review
289,30,symbolic_candidate,,unattributed,requires_semantic_review
290,4,structural,,unattributed,classified
291,17,symbolic_candidate,,unattributed,requires_semantic_review
292,8,unresolved_fragment,,unattributed,requires_semantic_review
293,22,symbolic_candidate,,unattributed,requires_semantic_review
294,11,unresolved_fragment,,unattributed,requires_semantic_review
295,9,symbolic_candidate,,unattributed,requires_semantic_review
296,6,unresolved_fragment,,unattributed,requires_semantic_review
297,16,symbolic_candidate,,unattributed,requires_semantic_review
298,7,unresolved_fragment,,unattributed,requires_semantic_review
299,13,symbolic_candidate,,unattributed,requires_semantic_review
300,7,unresolved_fragment,,unattributed,requires_semantic_review
301,19,symbolic_candidate,,unattributed,requires_semantic_review
302,11,unresolved_fragment,,unattributed,requires_semantic_review
303,16,symbolic_candidate,,unattributed,requires_semantic_review
304,8,unresolved_fragment,,unattributed,requires_semantic_review
305,36,symbolic_candidate,,unattributed,requires_semantic_review
306,12,unresolved_fragment,,unattributed,requires_semantic_review
307,13,symbolic_candidate,,unattributed,requires_semantic_review
308,4,unresolved_fragment,,unattributed,requires_semantic_review
309,22,symbolic_candidate,,unattributed,requires_semantic_review
310,9,unresolved_fragment,,unattributed,requires_semantic_review
311,17,symbolic_candidate,,unattributed,requires_semantic_review
312,14,symbolic_candidate,,unattributed,requires_semantic_review
313,9,unresolved_fragment,,unattributed,requires_semantic_review
314,6,structural,,unattributed,classified
315,4,unresolved_fragment,,unattributed,requires_semantic_review
316,7,unresolved_fragment,,unattributed,requires_semantic_review
317,5,unresolved_fragment,,unattributed,requires_semantic_review
318,8,unresolved_fragment,,unattributed,requires_semantic_review
319,13,symbolic_candidate,,unattributed,requires_semantic_review
320,7,unresolved_fragment,,unattributed,requires_semantic_review
321,7,unresolved_fragment,,unattributed,requires_semantic_review
322,9,unresolved_fragment,,unattributed,requires_semantic_review
323,6,unresolved_fragment,,unattributed,requires_semantic_review
324,10,unresolved_fragment,,unattributed,requires_semantic_review
325,6,unresolved_fragment,,unattributed,requires_semantic_review
326,10,unresolved_fragment,,unattributed,requires_semantic_review
327,27,symbolic_candidate,,unattributed,requires_semantic_review
328,19,symbolic_candidate,,unattributed,requires_semantic_review
329,16,unresolved_fragment,,unattributed,requires_semantic_review
330,22,unresolved_fragment,,unattributed,requires_semantic_review
331,4,structural,,unattributed,classified
332,27,symbolic_candidate,,unattributed,requires_semantic_review
333,11,unresolved_fragment,,unattributed,requires_semantic_review
334,25,symbolic_candidate,,unattributed,requires_semantic_review
335,11,unresolved_fragment,,unattributed,requires_semantic_review
336,17,symbolic_candidate,,unattributed,requires_semantic_review
337,8,symbolic_candidate,,unattributed,requires_semantic_review
338,22,symbolic_candidate,,unattributed,requires_semantic_review
339,10,unresolved_fragment,,unattributed,requires_semantic_review
340,22,symbolic_candidate,,unattributed,requires_semantic_review
341,11,unresolved_fragment,,unattributed,requires_semantic_review
342,23,symbolic_candidate,,unattributed,requires_semantic_review
343,10,unresolved_fragment,,unattributed,requires_semantic_review
344,15,symbolic_candidate,,unattributed,requires_semantic_review
345,22,symbolic_candidate,,unattributed,requires_semantic_review
346,10,unresolved_fragment,,unattributed,requires_semantic_review
347,10,symbolic_candidate,,unattributed,requires_semantic_review
348,12,symbolic_candidate,,unattributed,requires_semantic_review
349,6,unresolved_fragment,,unattributed,requires_semantic_review
350,14,symbolic_candidate,,unattributed,requires_semantic_review
351,8,unresolved_fragment,,unattributed,requires_semantic_review
352,21,symbolic_candidate,,unattributed,requires_semantic_review
353,12,unresolved_fragment,,unattributed,requires_semantic_review
354,17,symbolic_candidate,,unattributed,requires_semantic_review
355,15,symbolic_candidate,,unattributed,requires_semantic_review
356,20,unresolved_fragment,,unattributed,requires_semantic_review
357,11,symbolic_candidate,,unattributed,requires_semantic_review
358,6,unresolved_fragment,,unattributed,requires_semantic_review
359,13,symbolic_candidate,,unattributed,requires_semantic_review
360,6,unresolved_fragment,,unattributed,requires_semantic_review
361,12,symbolic_candidate,,unattributed,requires_semantic_review
362,7,unresolved_fragment,,unattributed,requires_semantic_review
363,15,symbolic_candidate,,unattributed,requires_semantic_review
364,8,unresolved_fragment,,unattributed,requires_semantic_review
365,9,unresolved_fragment,,unattributed,requires_semantic_review
366,7,unresolved_fragment,,unattributed,requires_semantic_review
367,7,unresolved_fragment,,unattributed,requires_semantic_review
368,6,unresolved_fragment,,unattributed,requires_semantic_review
369,7,unresolved_fragment,,unattributed,requires_semantic_review
370,5,unresolved_fragment,,unattributed,requires_semantic_review
371,25,symbolic_candidate,,unattributed,requires_semantic_review
372,12,unresolved_fragment,,unattributed,requires_semantic_review
373,9,symbolic_candidate,,unattributed,requires_semantic_review
374,6,unresolved_fragment,,unattributed,requires_semantic_review
375,6,symbolic_candidate,,unattributed,requires_semantic_review
376,5,unresolved_fragment,,unattributed,requires_semantic_review
377,8,symbolic_candidate,,unattributed,requires_semantic_review
378,7,unresolved_fragment,,unattributed,requires_semantic_review
379,9,symbolic_candidate,,unattributed,requires_semantic_review
380,7,symbolic_candidate,,unattributed,requires_semantic_review
381,10,unresolved_fragment,,unattributed,requires_semantic_review
382,14,unresolved_fragment,,unattributed,requires_semantic_review
383,8,unresolved_fragment,,unattributed,requires_semantic_review
384,6,unresolved_fragment,,unattributed,requires_semantic_review
385,11,unresolved_fragment,,unattributed,requires_semantic_review
386,6,unresolved_fragment,,unattributed,requires_semantic_review
387,7,unresolved_fragment,,unattributed,requires_semantic_review
388,5,unresolved_fragment,,unattributed,requires_semantic_review
389,4,unresolved_fragment,,unattributed,requires_semantic_review
390,3,unresolved_fragment,,unattributed,requires_semantic_review
391,16,symbolic_candidate,,unattributed,requires_semantic_review
392,7,unresolved_fragment,,unattributed,requires_semantic_review
393,6,unresolved_fragment,,unattributed,requires_semantic_review
394,10,unresolved_fragment,,unattributed,requires_semantic_review
395,10,unresolved_fragment,,unattributed,requires_semantic_review
396,11,unresolved_fragment,,unattributed,requires_semantic_review
397,9,symbolic_candidate,,unattributed,requires_semantic_review
398,6,unresolved_fragment,,unattributed,requires_semantic_review
399,18,unresolved_fragment,,unattributed,requires_semantic_review
400,10,unresolved_fragment,,unattributed,requires_semantic_review
401,8,symbolic_candidate,,unattributed,requires_semantic_review
402,5,unresolved_fragment,,unattributed,requires_semantic_review
403,11,symbolic_candidate,,unattributed,requires_semantic_review
404,8,unresolved_fragment,,unattributed,requires_semantic_review
405,8,symbolic_candidate,,unattributed,requires_semantic_review
406,6,unresolved_fragment,,unattributed,requires_semantic_review
407,12,symbolic_candidate,,unattributed,requires_semantic_review
408,6,unresolved_fragment,,unattributed,requires_semantic_review
409,14,symbolic_candidate,,unattributed,requires_semantic_review
410,9,unresolved_fragment,,unattributed,requires_semantic_review
411,6,unresolved_fragment,,unattributed,requires_semantic_review
412,8,symbolic_candidate,,unattributed,requires_semantic_review
413,6,unresolved_fragment,,unattributed,requires_semantic_review
414,15,symbolic_candidate,,unattributed,requires_semantic_review
415,6,unresolved_fragment,,unattributed,requires_semantic_review
416,9,symbolic_candidate,,unattributed,requires_semantic_review
417,5,unresolved_fragment,,unattributed,requires_semantic_review
418,13,symbolic_candidate,,unattributed,requires_semantic_review
419,7,unresolved_fragment,,unattributed,requires_semantic_review
420,10,symbolic_candidate,,unattributed,requires_semantic_review
421,6,unresolved_fragment,,unattributed,requires_semantic_review
422,10,symbolic_candidate,,unattributed,requires_semantic_review
423,5,unresolved_fragment,,unattributed,requires_semantic_review
424,14,symbolic_candidate,,unattributed,requires_semantic_review
425,7,unresolved_fragment,,unattributed,requires_semantic_review
426,16,symbolic_candidate,,unattributed,requires_semantic_review
427,10,unresolved_fragment,,unattributed,requires_semantic_review
428,10,symbolic_candidate,,unattributed,requires_semantic_review
429,6,unresolved_fragment,,unattributed,requires_semantic_review
430,35,symbolic_candidate,,unattributed,requires_semantic_review
431,15,unresolved_fragment,,unattributed,requires_semantic_review
432,23,symbolic_candidate,,unattributed,requires_semantic_review
433,11,unresolved_fragment,,unattributed,requires_semantic_review
434,19,symbolic_candidate,,unattributed,requires_semantic_review
435,11,unresolved_fragment,,unattributed,requires_semantic_review
436,14,symbolic_candidate,,unattributed,requires_semantic_review
437,8,unresolved_fragment,,unattributed,requires_semantic_review
438,23,symbolic_candidate,,unattributed,requires_semantic_review
439,11,unresolved_fragment,,unattributed,requires_semantic_review
440,18,symbolic_candidate,,unattributed,requires_semantic_review
441,9,unresolved_fragment,,unattributed,requires_semantic_review
442,10,symbolic_candidate,,unattributed,requires_semantic_review
443,7,unresolved_fragment,,unattributed,requires_semantic_review
444,10,symbolic_candidate,,unattributed,requires_semantic_review
445,6,unresolved_fragment,,unattributed,requires_semantic_review
446,12,symbolic_candidate,,unattributed,requires_semantic_review
447,7,unresolved_fragment,,unattributed,requires_semantic_review
448,11,symbolic_candidate,,unattributed,requires_semantic_review
449,7,unresolved_fragment,,unattributed,requires_semantic_review
450,11,symbolic_candidate,,unattributed,requires_semantic_review
451,6,unresolved_fragment,,unattributed,requires_semantic_review
452,15,symbolic_candidate,,unattributed,requires_semantic_review
453,17,symbolic_candidate,,unattributed,requires_semantic_review
454,9,unresolved_fragment,,unattributed,requires_semantic_review
455,14,symbolic_candidate,,unattributed,requires_semantic_review
456,8,unresolved_fragment,,unattributed,requires_semantic_review
457,21,symbolic_candidate,,unattributed,requires_semantic_review
458,10,unresolved_fragment,,unattributed,requires_semantic_review
459,7,symbolic_candidate,,unattributed,requires_semantic_review
460,15,unresolved_fragment,,unattributed,requires_semantic_review
461,20,symbolic_candidate,,unattributed,requires_semantic_review
462,18,symbolic_candidate,,unattributed,requires_semantic_review
463,9,unresolved_fragment,,unattributed,requires_semantic_review
464,10,symbolic_candidate,,unattributed,requires_semantic_review
465,3,unresolved_fragment,,unattributed,requires_semantic_review
466,19,symbolic_candidate,,unattributed,requires_semantic_review
467,10,unresolved_fragment,,unattributed,requires_semantic_review
468,17,symbolic_candidate,,unattributed,requires_semantic_review
469,10,unresolved_fragment,,unattributed,requires_semantic_review
470,23,symbolic_candidate,,unattributed,requires_semantic_review
471,14,unresolved_fragment,,unattributed,requires_semantic_review
472,11,symbolic_candidate,,unattributed,requires_semantic_review
473,8,unresolved_fragment,,unattributed,requires_semantic_review
474,31,symbolic_candidate,,unattributed,requires_semantic_review
475,11,unresolved_fragment,,unattributed,requires_semantic_review
476,15,symbolic_candidate,,unattributed,requires_semantic_review
477,6,unresolved_fragment,,unattributed,requires_semantic_review
478,17,symbolic_candidate,,unattributed,requires_semantic_review
479,6,unresolved_fragment,,unattributed,requires_semantic_review
480,13,symbolic_candidate,,unattributed,requires_semantic_review
481,11,symbolic_candidate,,unattributed,requires_semantic_review
482,9,unresolved_fragment,,unattributed,requires_semantic_review
483,19,symbolic_candidate,,unattributed,requires_semantic_review
484,9,unresolved_fragment,,unattributed,requires_semantic_review
485,20,symbolic_candidate,,unattributed,requires_semantic_review
486,17,symbolic_candidate,,unattributed,requires_semantic_review
487,11,unresolved_fragment,,unattributed,requires_semantic_review
488,12,symbolic_candidate,,unattributed,requires_semantic_review
489,9,unresolved_fragment,,unattributed,requires_semantic_review
490,45,symbolic_candidate,,unattributed,requires_semantic_review
491,7,unresolved_fragment,,unattributed,requires_semantic_review
492,8,unresolved_fragment,,unattributed,requires_semantic_review
493,16,symbolic_candidate,,unattributed,requires_semantic_review
494,9,unresolved_fragment,,unattributed,requires_semantic_review
495,9,symbolic_candidate,,unattributed,requires_semantic_review
496,6,unresolved_fragment,,unattributed,requires_semantic_review
497,24,symbolic_candidate,,unattributed,requires_semantic_review
498,14,unresolved_fragment,,unattributed,requires_semantic_review
499,17,symbolic_candidate,,unattributed,requires_semantic_review
500,12,unresolved_fragment,,unattributed,requires_semantic_review
501,27,symbolic_candidate,,unattributed,requires_semantic_review
502,13,unresolved_fragment,,unattributed,requires_semantic_review
503,13,symbolic_candidate,,unattributed,requires_semantic_review
504,10,unresolved_fragment,,unattributed,requires_semantic_review
505,23,symbolic_candidate,,unattributed,requires_semantic_review
506,21,symbolic_candidate,,unattributed,requires_semantic_review
507,21,symbolic_candidate,,unattributed,requires_semantic_review
508,11,unresolved_fragment,,unattributed,requires_semantic_review
509,14,symbolic_candidate,,unattributed,requires_semantic_review
510,7,unresolved_fragment,,unattributed,requires_semantic_review
511,23,symbolic_candidate,,unattributed,requires_semantic_review
512,14,unresolved_fragment,,unattributed,requires_semantic_review
513,26,symbolic_candidate,,unattributed,requires_semantic_review
514,11,unresolved_fragment,,unattributed,requires_semantic_review
515,9,symbolic_candidate,,unattributed,requires_semantic_review
516,5,unresolved_fragment,,unattributed,requires_semantic_review
517,10,symbolic_candidate,,unattributed,requires_semantic_review
518,6,unresolved_fragment,,unattributed,requires_semantic_review
519,22,symbolic_candidate,,unattributed,requires_semantic_review
520,8,symbolic_candidate,,unattributed,requires_semantic_review
521,5,unresolved_fragment,,unattributed,requires_semantic_review
522,18,symbolic_candidate,,unattributed,requires_semantic_review
523,10,unresolved_fragment,,unattributed,requires_semantic_review
524,18,symbolic_candidate,,unattributed,requires_semantic_review
525,9,unresolved_fragment,,unattributed,requires_semantic_review
526,14,unresolved_fragment,,unattributed,requires_semantic_review
527,12,symbolic_candidate,,unattributed,requires_semantic_review
528,15,symbolic_candidate,,unattributed,requires_semantic_review
529,9,unresolved_fragment,,unattributed,requires_semantic_review
530,13,symbolic_candidate,,unattributed,requires_semantic_review
531,5,unresolved_fragment,,unattributed,requires_semantic_review
532,11,unresolved_fragment,,unattributed,requires_semantic_review
533,6,unresolved_fragment,,unattributed,requires_semantic_review
534,4,unresolved_fragment,,unattributed,requires_semantic_review
535,7,symbolic_candidate,,unattributed,requires_semantic_review
536,7,symbolic_candidate,,unattributed,requires_semantic_review
537,7,symbolic_candidate,,unattributed,requires_semantic_review
538,24,symbolic_candidate,,unattributed,requires_semantic_review
539,11,unresolved_fragment,,unattributed,requires_semantic_review
540,17,symbolic_candidate,,unattributed,requires_semantic_review
541,13,unresolved_fragment,,unattributed,requires_semantic_review
542,13,symbolic_candidate,,unattributed,requires_semantic_review
543,9,unresolved_fragment,,unattributed,requires_semantic_review
544,10,symbolic_candidate,,unattributed,requires_semantic_review
545,8,symbolic_candidate,,unattributed,requires_semantic_review
546,27,symbolic_candidate,,unattributed,requires_semantic_review
547,17,symbolic_candidate,,unattributed,requires_semantic_review
548,4,unresolved_fragment,,unattributed,requires_semantic_review
549,10,symbolic_candidate,,unattributed,requires_semantic_review
550,11,unresolved_fragment,,unattributed,requires_semantic_review
551,21,symbolic_candidate,,unattributed,requires_semantic_review
552,9,unresolved_fragment,,unattributed,requires_semantic_review
553,15,symbolic_candidate,,unattributed,requires_semantic_review
554,12,unresolved_fragment,,unattributed,requires_semantic_review
555,20,symbolic_candidate,,unattributed,requires_semantic_review
556,19,symbolic_candidate,,unattributed,requires_semantic_review
557,23,symbolic_candidate,,unattributed,requires_semantic_review
558,12,unresolved_fragment,,unattributed,requires_semantic_review
559,20,symbolic_candidate,,unattributed,requires_semantic_review
560,9,unresolved_fragment,,unattributed,requires_semantic_review
561,4,unresolved_fragment,,unattributed,requires_semantic_review
562,11,symbolic_candidate,,unattributed,requires_semantic_review
563,5,unresolved_fragment,,unattributed,requires_semantic_review
564,10,unresolved_fragment,,unattributed,requires_semantic_review
565,2,unresolved_fragment,,unattributed,requires_semantic_review
566,12,symbolic_candidate,,unattributed,requires_semantic_review
567,4,unresolved_fragment,,unattributed,requires_semantic_review
568,10,symbolic_candidate,,unattributed,requires_semantic_review
569,4,unresolved_fragment,,unattributed,requires_semantic_review
570,20,symbolic_candidate,,unattributed,requires_semantic_review
571,13,unresolved_fragment,,unattributed,requires_semantic_review
572,19,symbolic_candidate,,unattributed,requires_semantic_review
573,53,prose_candidate,X-0034,unattributed,requires_semantic_review
574,9,symbolic_candidate,,unattributed,requires_semantic_review
575,12,symbolic_candidate,,unattributed,requires_semantic_review
576,5,unresolved_fragment,,unattributed,requires_semantic_review
577,9,symbolic_candidate,,unattributed,requires_semantic_review
578,5,unresolved_fragment,,unattributed,requires_semantic_review
579,15,symbolic_candidate,,unattributed,requires_semantic_review
580,7,unresolved_fragment,,unattributed,requires_semantic_review
581,10,symbolic_candidate,,unattributed,requires_semantic_review
582,7,unresolved_fragment,,unattributed,requires_semantic_review
583,8,unresolved_fragment,,unattributed,requires_semantic_review
584,11,symbolic_candidate,,unattributed,requires_semantic_review
585,6,unresolved_fragment,,unattributed,requires_semantic_review
586,24,symbolic_candidate,,unattributed,requires_semantic_review
587,11,unresolved_fragment,,unattributed,requires_semantic_review
588,12,symbolic_candidate,,unattributed,requires_semantic_review
589,15,symbolic_candidate,,unattributed,requires_semantic_review
590,10,unresolved_fragment,,unattributed,requires_semantic_review
591,14,symbolic_candidate,,unattributed,requires_semantic_review
592,8,unresolved_fragment,,unattributed,requires_semantic_review
593,19,symbolic_candidate,,unattributed,requires_semantic_review
594,7,unresolved_fragment,,unattributed,requires_semantic_review
595,19,symbolic_candidate,,unattributed,requires_semantic_review
596,7,unresolved_fragment,,unattributed,requires_semantic_review
597,26,symbolic_candidate,,unattributed,requires_semantic_review
598,11,unresolved_fragment,,unattributed,requires_semantic_review
599,17,symbolic_candidate,,unattributed,requires_semantic_review
600,14,symbolic_candidate,,unattributed,requires_semantic_review
601,9,unresolved_fragment,,unattributed,requires_semantic_review
602,15,symbolic_candidate,,unattributed,requires_semantic_review
603,10,unresolved_fragment,,unattributed,requires_semantic_review
604,20,symbolic_candidate,,unattributed,requires_semantic_review
605,11,unresolved_fragment,,unattributed,requires_semantic_review
606,19,symbolic_candidate,,unattributed,requires_semantic_review
607,10,unresolved_fragment,,unattributed,requires_semantic_review
608,20,symbolic_candidate,,unattributed,requires_semantic_review
609,11,unresolved_fragment,,unattributed,requires_semantic_review
610,29,symbolic_candidate,,unattributed,requires_semantic_review
611,12,unresolved_fragment,,unattributed,requires_semantic_review
612,10,symbolic_candidate,,unattributed,requires_semantic_review
613,5,unresolved_fragment,,unattributed,requires_semantic_review
614,11,symbolic_candidate,,unattributed,requires_semantic_review
615,6,unresolved_fragment,,unattributed,requires_semantic_review
616,12,symbolic_candidate,,unattributed,requires_semantic_review
617,8,unresolved_fragment,,unattributed,requires_semantic_review
618,48,unresolved_fragment,,unattributed,requires_semantic_review
619,6,structural,,unattributed,classified
620,7,unresolved_fragment,,unattributed,requires_semantic_review
621,10,unresolved_fragment,,unattributed,requires_semantic_review
622,10,symbolic_candidate,,unattributed,requires_semantic_review
623,8,symbolic_candidate,,unattributed,requires_semantic_review
624,10,unresolved_fragment,,unattributed,requires_semantic_review
625,14,unresolved_fragment,,unattributed,requires_semantic_review
626,13,symbolic_candidate,,unattributed,requires_semantic_review
627,11,unresolved_fragment,,unattributed,requires_semantic_review
628,17,symbolic_candidate,,unattributed,requires_semantic_review
629,9,unresolved_fragment,,unattributed,requires_semantic_review
630,11,unresolved_fragment,,unattributed,requires_semantic_review
631,8,unresolved_fragment,,unattributed,requires_semantic_review
632,4,unresolved_fragment,,unattributed,requires_semantic_review
633,5,unresolved_fragment,,unattributed,requires_semantic_review
634,8,unresolved_fragment,,unattributed,requires_semantic_review
635,10,unresolved_fragment,,unattributed,requires_semantic_review
636,20,symbolic_candidate,,unattributed,requires_semantic_review
637,23,unresolved_fragment,,unattributed,requires_semantic_review
638,25,unresolved_fragment,,unattributed,requires_semantic_review
639,12,unresolved_fragment,,unattributed,requires_semantic_review
640,12,unresolved_fragment,,unattributed,requires_semantic_review
641,35,symbolic_candidate,,unattributed,requires_semantic_review
642,35,unresolved_fragment,,unattributed,requires_semantic_review
643,10,unresolved_fragment,,unattributed,requires_semantic_review
644,15,unresolved_fragment,,unattributed,requires_semantic_review
645,13,unresolved_fragment,,unattributed,requires_semantic_review
646,8,unresolved_fragment,,unattributed,requires_semantic_review
647,7,unresolved_fragment,,unattributed,requires_semantic_review
648,14,symbolic_candidate,,unattributed,requires_semantic_review
649,4,structural,,unattributed,classified
650,12,symbolic_candidate,,unattributed,requires_semantic_review
651,7,unresolved_fragment,,unattributed,requires_semantic_review
652,17,symbolic_candidate,,unattributed,requires_semantic_review
653,10,unresolved_fragment,,unattributed,requires_semantic_review
654,12,symbolic_candidate,,unattributed,requires_semantic_review
655,7,unresolved_fragment,,unattributed,requires_semantic_review
656,13,symbolic_candidate,,unattributed,requires_semantic_review
657,9,unresolved_fragment,,unattributed,requires_semantic_review
658,13,symbolic_candidate,,unattributed,requires_semantic_review
659,6,unresolved_fragment,,unattributed,requires_semantic_review
660,15,symbolic_candidate,,unattributed,requires_semantic_review
661,9,unresolved_fragment,,unattributed,requires_semantic_review
662,7,symbolic_candidate,,unattributed,requires_semantic_review
663,4,unresolved_fragment,,unattributed,requires_semantic_review
664,11,symbolic_candidate,,unattributed,requires_semantic_review
665,7,unresolved_fragment,,unattributed,requires_semantic_review
666,30,symbolic_candidate,,unattributed,requires_semantic_review
667,19,unresolved_fragment,,unattributed,requires_semantic_review
668,13,symbolic_candidate,,unattributed,requires_semantic_review
669,8,unresolved_fragment,,unattributed,requires_semantic_review
670,13,symbolic_candidate,,unattributed,requires_semantic_review
671,7,unresolved_fragment,,unattributed,requires_semantic_review
672,20,symbolic_candidate,,unattributed,requires_semantic_review
673,11,unresolved_fragment,,unattributed,requires_semantic_review
674,15,symbolic_candidate,,unattributed,requires_semantic_review
675,12,unresolved_fragment,,unattributed,requires_semantic_review
676,12,symbolic_candidate,,unattributed,requires_semantic_review
677,6,unresolved_fragment,,unattributed,requires_semantic_review
678,17,symbolic_candidate,,unattributed,requires_semantic_review
679,10,unresolved_fragment,,unattributed,requires_semantic_review
680,11,symbolic_candidate,,unattributed,requires_semantic_review
681,7,unresolved_fragment,,unattributed,requires_semantic_review
682,14,symbolic_candidate,,unattributed,requires_semantic_review
683,7,unresolved_fragment,,unattributed,requires_semantic_review
684,15,symbolic_candidate,,unattributed,requires_semantic_review
685,11,unresolved_fragment,,unattributed,requires_semantic_review
686,12,symbolic_candidate,,unattributed,requires_semantic_review
687,8,unresolved_fragment,,unattributed,requires_semantic_review
688,16,symbolic_candidate,,unattributed,requires_semantic_review
689,7,unresolved_fragment,,unattributed,requires_semantic_review
690,18,symbolic_candidate,,unattributed,requires_semantic_review
691,10,unresolved_fragment,,unattributed,requires_semantic_review
692,9,symbolic_candidate,,unattributed,requires_semantic_review
693,6,unresolved_fragment,,unattributed,requires_semantic_review
694,13,symbolic_candidate,,unattributed,requires_semantic_review
695,7,unresolved_fragment,,unattributed,requires_semantic_review
696,9,symbolic_candidate,,unattributed,requires_semantic_review
697,5,unresolved_fragment,,unattributed,requires_semantic_review
698,12,unresolved_fragment,,unattributed,requires_semantic_review
699,13,symbolic_candidate,,unattributed,requires_semantic_review
700,8,unresolved_fragment,,unattributed,requires_semantic_review
701,22,symbolic_candidate,,unattributed,requires_semantic_review
702,10,symbolic_candidate,,unattributed,requires_semantic_review
703,12,symbolic_candidate,,unattributed,requires_semantic_review
704,7,unresolved_fragment,,unattributed,requires_semantic_review
705,21,symbolic_candidate,,unattributed,requires_semantic_review
706,10,unresolved_fragment,,unattributed,requires_semantic_review
707,21,symbolic_candidate,,unattributed,requires_semantic_review
708,8,unresolved_fragment,,unattributed,requires_semantic_review
709,12,symbolic_candidate,,unattributed,requires_semantic_review
710,6,unresolved_fragment,,unattributed,requires_semantic_review
711,15,symbolic_candidate,,unattributed,requires_semantic_review
712,7,unresolved_fragment,,unattributed,requires_semantic_review
713,11,symbolic_candidate,,unattributed,requires_semantic_review
714,11,symbolic_candidate,,unattributed,requires_semantic_review
715,13,symbolic_candidate,,unattributed,requires_semantic_review
716,9,unresolved_fragment,,unattributed,requires_semantic_review
717,21,symbolic_candidate,,unattributed,requires_semantic_review
718,12,unresolved_fragment,,unattributed,requires_semantic_review
719,17,symbolic_candidate,,unattributed,requires_semantic_review
720,8,unresolved_fragment,,unattributed,requires_semantic_review
721,14,symbolic_candidate,,unattributed,requires_semantic_review
722,9,unresolved_fragment,,unattributed,requires_semantic_review
723,15,symbolic_candidate,,unattributed,requires_semantic_review
724,9,unresolved_fragment,,unattributed,requires_semantic_review
725,10,symbolic_candidate,,unattributed,requires_semantic_review
726,7,unresolved_fragment,,unattributed,requires_semantic_review
727,10,unresolved_fragment,,unattributed,requires_semantic_review
728,8,symbolic_candidate,,unattributed,requires_semantic_review
729,6,unresolved_fragment,,unattributed,requires_semantic_review
730,10,symbolic_candidate,,unattributed,requires_semantic_review
731,7,unresolved_fragment,,unattributed,requires_semantic_review
732,13,symbolic_candidate,,unattributed,requires_semantic_review
733,9,unresolved_fragment,,unattributed,requires_semantic_review
734,15,symbolic_candidate,,unattributed,requires_semantic_review
735,8,unresolved_fragment,,unattributed,requires_semantic_review
736,8,symbolic_candidate,,unattributed,requires_semantic_review
737,6,unresolved_fragment,,unattributed,requires_semantic_review
738,13,symbolic_candidate,,unattributed,requires_semantic_review
739,7,unresolved_fragment,,unattributed,requires_semantic_review
740,14,symbolic_candidate,,unattributed,requires_semantic_review
741,16,symbolic_candidate,,unattributed,requires_semantic_review
742,9,unresolved_fragment,,unattributed,requires_semantic_review
743,12,symbolic_candidate,,unattributed,requires_semantic_review
744,7,unresolved_fragment,,unattributed,requires_semantic_review
745,15,symbolic_candidate,,unattributed,requires_semantic_review
746,6,unresolved_fragment,,unattributed,requires_semantic_review
747,8,symbolic_candidate,,unattributed,requires_semantic_review
748,5,unresolved_fragment,,unattributed,requires_semantic_review
749,14,symbolic_candidate,,unattributed,requires_semantic_review
750,8,unresolved_fragment,,unattributed,requires_semantic_review
751,18,symbolic_candidate,,unattributed,requires_semantic_review
752,9,symbolic_candidate,,unattributed,requires_semantic_review
753,18,symbolic_candidate,,unattributed,requires_semantic_review
754,9,symbolic_candidate,,unattributed,requires_semantic_review
755,12,symbolic_candidate,,unattributed,requires_semantic_review
756,6,unresolved_fragment,,unattributed,requires_semantic_review
757,13,symbolic_candidate,,unattributed,requires_semantic_review
758,8,unresolved_fragment,,unattributed,requires_semantic_review
759,25,symbolic_candidate,,unattributed,requires_semantic_review
760,13,unresolved_fragment,,unattributed,requires_semantic_review
761,23,symbolic_candidate,,unattributed,requires_semantic_review
762,10,unresolved_fragment,,unattributed,requires_semantic_review
763,9,symbolic_candidate,,unattributed,requires_semantic_review
764,6,unresolved_fragment,,unattributed,requires_semantic_review
765,13,symbolic_candidate,,unattributed,requires_semantic_review
766,7,unresolved_fragment,,unattributed,requires_semantic_review
767,17,symbolic_candidate,,unattributed,requires_semantic_review
768,8,unresolved_fragment,,unattributed,requires_semantic_review
769,15,symbolic_candidate,,unattributed,requires_semantic_review
770,8,unresolved_fragment,,unattributed,requires_semantic_review
771,14,symbolic_candidate,,unattributed,requires_semantic_review
772,5,unresolved_fragment,,unattributed,requires_semantic_review
773,13,symbolic_candidate,,unattributed,requires_semantic_review
774,10,unresolved_fragment,,unattributed,requires_semantic_review
775,15,symbolic_candidate,,unattributed,requires_semantic_review
776,7,unresolved_fragment,,unattributed,requires_semantic_review
777,14,unresolved_fragment,,unattributed,requires_semantic_review
778,20,unresolved_fragment,,unattributed,requires_semantic_review
779,12,structural,,unattributed,classified
780,77,prose_candidate,X-0035,dialogue_turn_unattributed,requires_semantic_review
781,12,unresolved_fragment,,unattributed,requires_semantic_review
782,31,symbolic_candidate,,unattributed,requires_semantic_review
783,1,structural,,unattributed,classified
784,47,unresolved_fragment,,unattributed,requires_semantic_review
785,46,unresolved_fragment,,unattributed,requires_semantic_review
786,28,symbolic_candidate,,unattributed,requires_semantic_review
787,5,structural,,unattributed,classified
788,14,symbolic_candidate,,unattributed,requires_semantic_review
789,9,unresolved_fragment,,unattributed,requires_semantic_review
790,12,symbolic_candidate,,unattributed,requires_semantic_review
791,7,symbolic_candidate,,unattributed,requires_semantic_review
792,10,unresolved_fragment,,unattributed,requires_semantic_review
793,9,symbolic_candidate,,unattributed,requires_semantic_review
794,13,symbolic_candidate,,unattributed,requires_semantic_review
795,11,unresolved_fragment,,unattributed,requires_semantic_review
796,14,unresolved_fragment,,unattributed,requires_semantic_review
797,11,unresolved_fragment,,unattributed,requires_semantic_review
798,9,unresolved_fragment,,unattributed,requires_semantic_review
799,17,symbolic_candidate,,unattributed,requires_semantic_review
800,11,unresolved_fragment,,unattributed,requires_semantic_review
801,8,symbolic_candidate,,unattributed,requires_semantic_review
802,3,unresolved_fragment,,unattributed,requires_semantic_review
803,16,symbolic_candidate,,unattributed,requires_semantic_review
804,8,unresolved_fragment,,unattributed,requires_semantic_review
805,10,symbolic_candidate,,unattributed,requires_semantic_review
806,5,unresolved_fragment,,unattributed,requires_semantic_review
807,5,unresolved_fragment,,unattributed,requires_semantic_review
808,12,symbolic_candidate,,unattributed,requires_semantic_review
809,8,unresolved_fragment,,unattributed,requires_semantic_review
810,13,symbolic_candidate,,unattributed,requires_semantic_review
811,8,unresolved_fragment,,unattributed,requires_semantic_review
812,12,symbolic_candidate,,unattributed,requires_semantic_review
813,8,unresolved_fragment,,unattributed,requires_semantic_review
814,8,unresolved_fragment,,unattributed,requires_semantic_review
815,5,unresolved_fragment,,unattributed,requires_semantic_review
816,19,symbolic_candidate,,unattributed,requires_semantic_review
817,10,unresolved_fragment,,unattributed,requires_semantic_review
818,9,symbolic_candidate,,unattributed,requires_semantic_review
819,5,unresolved_fragment,,unattributed,requires_semantic_review
820,7,symbolic_candidate,,unattributed,requires_semantic_review
821,13,symbolic_candidate,,unattributed,requires_semantic_review
822,6,unresolved_fragment,,unattributed,requires_semantic_review
823,21,symbolic_candidate,,unattributed,requires_semantic_review
824,11,unresolved_fragment,,unattributed,requires_semantic_review
825,20,symbolic_candidate,,unattributed,requires_semantic_review
826,12,unresolved_fragment,,unattributed,requires_semantic_review
827,19,symbolic_candidate,,unattributed,requires_semantic_review
828,7,unresolved_fragment,,unattributed,requires_semantic_review
829,20,unresolved_fragment,,unattributed,requires_semantic_review
830,21,symbolic_candidate,,unattributed,requires_semantic_review
831,12,unresolved_fragment,,unattributed,requires_semantic_review
832,13,unresolved_fragment,,unattributed,requires_semantic_review
833,14,unresolved_fragment,,unattributed,requires_semantic_review
834,13,unresolved_fragment,,unattributed,requires_semantic_review
835,11,unresolved_fragment,,unattributed,requires_semantic_review
836,18,symbolic_candidate,,unattributed,requires_semantic_review
837,10,unresolved_fragment,,unattributed,requires_semantic_review
838,33,symbolic_candidate,,unattributed,requires_semantic_review
839,9,unresolved_fragment,,unattributed,requires_semantic_review
840,12,symbolic_candidate,,unattributed,requires_semantic_review
841,7,unresolved_fragment,,unattributed,requires_semantic_review
842,23,symbolic_candidate,,unattributed,requires_semantic_review
843,10,unresolved_fragment,,unattributed,requires_semantic_review
844,19,symbolic_candidate,,unattributed,requires_semantic_review
845,12,unresolved_fragment,,unattributed,requires_semantic_review
846,14,symbolic_candidate,,unattributed,requires_semantic_review
847,7,unresolved_fragment,,unattributed,requires_semantic_review
848,15,symbolic_candidate,,unattributed,requires_semantic_review
849,9,unresolved_fragment,,unattributed,requires_semantic_review
850,12,symbolic_candidate,,unattributed,requires_semantic_review
851,8,unresolved_fragment,,unattributed,requires_semantic_review
852,15,symbolic_candidate,,unattributed,requires_semantic_review
853,6,unresolved_fragment,,unattributed,requires_semantic_review
854,11,symbolic_candidate,,unattributed,requires_semantic_review
855,7,symbolic_candidate,,unattributed,requires_semantic_review
856,9,symbolic_candidate,,unattributed,requires_semantic_review
857,19,symbolic_candidate,,unattributed,requires_semantic_review
858,13,symbolic_candidate,,unattributed,requires_semantic_review
859,6,unresolved_fragment,,unattributed,requires_semantic_review
860,14,symbolic_candidate,,unattributed,requires_semantic_review
861,12,unresolved_fragment,,unattributed,requires_semantic_review
862,14,symbolic_candidate,,unattributed,requires_semantic_review
863,13,symbolic_candidate,,unattributed,requires_semantic_review
864,9,symbolic_candidate,,unattributed,requires_semantic_review
865,14,symbolic_candidate,,unattributed,requires_semantic_review
866,16,symbolic_candidate,,unattributed,requires_semantic_review
867,17,symbolic_candidate,,unattributed,requires_semantic_review
868,15,unresolved_fragment,,unattributed,requires_semantic_review
869,8,unresolved_fragment,,unattributed,requires_semantic_review
870,14,unresolved_fragment,,unattributed,requires_semantic_review
871,18,unresolved_fragment,,unattributed,requires_semantic_review
872,13,symbolic_candidate,,unattributed,requires_semantic_review
873,13,symbolic_candidate,,unattributed,requires_semantic_review
874,12,symbolic_candidate,,unattributed,requires_semantic_review
875,14,symbolic_candidate,,unattributed,requires_semantic_review
876,14,symbolic_candidate,,unattributed,requires_semantic_review
877,13,symbolic_candidate,,unattributed,requires_semantic_review
878,13,unresolved_fragment,,unattributed,requires_semantic_review
879,12,symbolic_candidate,,unattributed,requires_semantic_review
880,12,symbolic_candidate,,unattributed,requires_semantic_review
881,16,symbolic_candidate,,unattributed,requires_semantic_review
882,19,symbolic_candidate,,unattributed,requires_semantic_review
883,14,symbolic_candidate,,unattributed,requires_semantic_review
884,15,symbolic_candidate,,unattributed,requires_semantic_review
885,9,unresolved_fragment,,unattributed,requires_semantic_review
886,10,unresolved_fragment,,unattributed,requires_semantic_review
887,23,symbolic_candidate,,unattributed,requires_semantic_review
888,10,unresolved_fragment,,unattributed,requires_semantic_review
889,8,unresolved_fragment,,unattributed,requires_semantic_review
890,17,symbolic_candidate,,unattributed,requires_semantic_review
891,15,symbolic_candidate,,unattributed,requires_semantic_review
892,15,symbolic_candidate,,unattributed,requires_semantic_review
893,10,symbolic_candidate,,unattributed,requires_semantic_review
894,10,symbolic_candidate,,unattributed,requires_semantic_review
895,9,symbolic_candidate,,unattributed,requires_semantic_review
896,6,unresolved_fragment,,unattributed,requires_semantic_review
897,6,unresolved_fragment,,unattributed,requires_semantic_review
898,5,unresolved_fragment,,unattributed,requires_semantic_review
899,31,prose_candidate,X-0036,unattributed,requires_semantic_review
900,19,symbolic_candidate,,unattributed,requires_semantic_review
901,10,symbolic_candidate,,unattributed,requires_semantic_review
902,16,unresolved_fragment,,unattributed,requires_semantic_review
903,10,symbolic_candidate,,unattributed,requires_semantic_review
904,10,symbolic_candidate,,unattributed,requires_semantic_review
905,15,unresolved_fragment,,unattributed,requires_semantic_review
906,24,symbolic_candidate,,unattributed,requires_semantic_review
907,19,unresolved_fragment,,unattributed,requires_semantic_review
908,12,unresolved_fragment,,unattributed,requires_semantic_review
909,8,symbolic_candidate,,unattributed,requires_semantic_review
910,4,unresolved_fragment,,unattributed,requires_semantic_review
911,10,unresolved_fragment,,unattributed,requires_semantic_review
912,28,symbolic_candidate,,unattributed,requires_semantic_review
913,30,symbolic_candidate,,unattributed,requires_semantic_review
914,19,symbolic_candidate,,unattributed,requires_semantic_review
915,15,symbolic_candidate,,unattributed,requires_semantic_review
916,11,unresolved_fragment,,unattributed,requires_semantic_review
917,27,symbolic_candidate,,unattributed,requires_semantic_review
918,17,symbolic_candidate,,unattributed,requires_semantic_review
919,3,unresolved_fragment,,unattributed,requires_semantic_review
920,1,unresolved_fragment,,unattributed,requires_semantic_review
921,6,unresolved_fragment,,unattributed,requires_semantic_review
922,6,symbolic_candidate,,unattributed,requires_semantic_review
923,8,unresolved_fragment,,unattributed,requires_semantic_review
924,7,unresolved_fragment,,unattributed,requires_semantic_review
925,8,symbolic_candidate,,unattributed,requires_semantic_review
926,5,unresolved_fragment,,unattributed,requires_semantic_review
927,14,symbolic_candidate,,unattributed,requires_semantic_review
928,9,unresolved_fragment,,unattributed,requires_semantic_review
929,8,unresolved_fragment,,unattributed,requires_semantic_review
930,7,unresolved_fragment,,unattributed,requires_semantic_review
931,19,symbolic_candidate,,unattributed,requires_semantic_review
932,10,unresolved_fragment,,unattributed,requires_semantic_review
933,12,symbolic_candidate,,unattributed,requires_semantic_review
934,6,unresolved_fragment,,unattributed,requires_semantic_review
935,8,unresolved_fragment,,unattributed,requires_semantic_review
936,9,symbolic_candidate,,unattributed,requires_semantic_review
937,6,unresolved_fragment,,unattributed,requires_semantic_review
938,23,symbolic_candidate,,unattributed,requires_semantic_review
939,7,unresolved_fragment,,unattributed,requires_semantic_review
940,2,unresolved_fragment,,unattributed,requires_semantic_review
941,11,unresolved_fragment,,unattributed,requires_semantic_review
942,18,unresolved_fragment,,unattributed,requires_semantic_review
943,22,symbolic_candidate,,unattributed,requires_semantic_review
944,12,symbolic_candidate,,unattributed,requires_semantic_review
945,14,symbolic_candidate,,unattributed,requires_semantic_review
946,13,symbolic_candidate,,unattributed,requires_semantic_review
947,11,symbolic_candidate,,unattributed,requires_semantic_review
948,12,symbolic_candidate,,unattributed,requires_semantic_review
949,15,symbolic_candidate,,unattributed,requires_semantic_review
950,17,unresolved_fragment,,unattributed,requires_semantic_review
951,12,unresolved_fragment,,unattributed,requires_semantic_review
952,12,unresolved_fragment,,unattributed,requires_semantic_review
953,13,symbolic_candidate,,unattributed,requires_semantic_review
954,14,symbolic_candidate,,unattributed,requires_semantic_review
955,12,unresolved_fragment,,unattributed,requires_semantic_review
956,13,symbolic_candidate,,unattributed,requires_semantic_review
957,15,symbolic_candidate,,unattributed,requires_semantic_review
958,12,symbolic_candidate,,unattributed,requires_semantic_review
959,13,symbolic_candidate,,unattributed,requires_semantic_review
960,15,symbolic_candidate,,unattributed,requires_semantic_review
961,21,symbolic_candidate,,unattributed,requires_semantic_review
962,16,symbolic_candidate,,unattributed,requires_semantic_review
963,12,symbolic_candidate,,unattributed,requires_semantic_review
964,17,symbolic_candidate,,unattributed,requires_semantic_review
965,9,unresolved_fragment,,unattributed,requires_semantic_review
966,8,unresolved_fragment,,unattributed,requires_semantic_review
967,8,unresolved_fragment,,unattributed,requires_semantic_review
968,4,unresolved_fragment,,unattributed,requires_semantic_review
969,10,unresolved_fragment,,unattributed,requires_semantic_review
970,17,symbolic_candidate,,unattributed,requires_semantic_review
971,11,symbolic_candidate,,unattributed,requires_semantic_review
972,11,symbolic_candidate,,unattributed,requires_semantic_review
973,16,unresolved_fragment,,unattributed,requires_semantic_review
974,7,symbolic_candidate,,unattributed,requires_semantic_review
975,12,symbolic_candidate,,unattributed,requires_semantic_review
976,9,symbolic_candidate,,unattributed,requires_semantic_review
977,13,unresolved_fragment,,unattributed,requires_semantic_review
978,13,unresolved_fragment,,unattributed,requires_semantic_review
979,15,symbolic_candidate,,unattributed,requires_semantic_review
980,10,unresolved_fragment,,unattributed,requires_semantic_review
981,11,unresolved_fragment,,unattributed,requires_semantic_review
982,12,unresolved_fragment,,unattributed,requires_semantic_review
983,16,unresolved_fragment,,unattributed,requires_semantic_review
984,20,symbolic_candidate,,unattributed,requires_semantic_review
985,10,unresolved_fragment,,unattributed,requires_semantic_review
986,13,symbolic_candidate,,unattributed,requires_semantic_review
987,19,symbolic_candidate,,unattributed,requires_semantic_review
988,18,unresolved_fragment,,unattributed,requires_semantic_review
989,10,unresolved_fragment,,unattributed,requires_semantic_review
990,18,symbolic_candidate,,unattributed,requires_semantic_review
991,18,symbolic_candidate,,unattributed,requires_semantic_review
992,17,symbolic_candidate,,unattributed,requires_semantic_review
993,16,unresolved_fragment,,unattributed,requires_semantic_review
994,8,unresolved_fragment,,unattributed,requires_semantic_review
995,20,unresolved_fragment,,unattributed,requires_semantic_review
996,23,symbolic_candidate,,unattributed,requires_semantic_review
997,18,symbolic_candidate,,unattributed,requires_semantic_review
998,16,unresolved_fragment,,unattributed,requires_semantic_review
999,17,unresolved_fragment,,unattributed,requires_semantic_review
1000,19,symbolic_candidate,,unattributed,requires_semantic_review
1001,23,unresolved_fragment,,unattributed,requires_semantic_review
1002,15,symbolic_candidate,,unattributed,requires_semantic_review
1003,10,unresolved_fragment,,unattributed,requires_semantic_review
1004,12,unresolved_fragment,,unattributed,requires_semantic_review
1005,13,unresolved_fragment,,unattributed,requires_semantic_review
1006,14,symbolic_candidate,,unattributed,requires_semantic_review
1007,6,unresolved_fragment,,unattributed,requires_semantic_review
1008,6,unresolved_fragment,,unattributed,requires_semantic_review
1009,6,unresolved_fragment,,unattributed,requires_semantic_review
1010,8,unresolved_fragment,,unattributed,requires_semantic_review
1011,6,unresolved_fragment,,unattributed,requires_semantic_review
1012,4,unresolved_fragment,,unattributed,requires_semantic_review
1013,7,unresolved_fragment,,unattributed,requires_semantic_review
1014,33,symbolic_candidate,,unattributed,requires_semantic_review
1015,15,symbolic_candidate,,unattributed,requires_semantic_review
1016,15,symbolic_candidate,,unattributed,requires_semantic_review
1017,16,symbolic_candidate,,unattributed,requires_semantic_review
1018,9,unresolved_fragment,,unattributed,requires_semantic_review
1019,13,unresolved_fragment,,unattributed,requires_semantic_review
1020,9,unresolved_fragment,,unattributed,requires_semantic_review
1021,12,unresolved_fragment,,unattributed,requires_semantic_review
1022,14,unresolved_fragment,,unattributed,requires_semantic_review
1023,7,unresolved_fragment,,unattributed,requires_semantic_review
1024,11,symbolic_candidate,,unattributed,requires_semantic_review
1025,6,unresolved_fragment,,unattributed,requires_semantic_review
1026,9,unresolved_fragment,,unattributed,requires_semantic_review
1027,17,unresolved_fragment,,unattributed,requires_semantic_review
1028,14,unresolved_fragment,,unattributed,requires_semantic_review
1029,13,symbolic_candidate,,unattributed,requires_semantic_review
1030,21,symbolic_candidate,,unattributed,requires_semantic_review
1031,17,symbolic_candidate,,unattributed,requires_semantic_review
1032,9,symbolic_candidate,,unattributed,requires_semantic_review
1033,11,unresolved_fragment,,unattributed,requires_semantic_review
1034,9,unresolved_fragment,,unattributed,requires_semantic_review
1035,12,unresolved_fragment,,unattributed,requires_semantic_review
1036,16,unresolved_fragment,,unattributed,requires_semantic_review
1037,15,symbolic_candidate,,unattributed,requires_semantic_review
1038,11,symbolic_candidate,,unattributed,requires_semantic_review
1039,8,unresolved_fragment,,unattributed,requires_semantic_review
1040,5,unresolved_fragment,,unattributed,requires_semantic_review
1041,16,symbolic_candidate,,unattributed,requires_semantic_review
1042,7,unresolved_fragment,,unattributed,requires_semantic_review
1043,9,symbolic_candidate,,unattributed,requires_semantic_review
1044,8,unresolved_fragment,,unattributed,requires_semantic_review
1045,14,unresolved_fragment,,unattributed,requires_semantic_review
1046,16,symbolic_candidate,,unattributed,requires_semantic_review
1047,11,unresolved_fragment,,unattributed,requires_semantic_review
1048,10,unresolved_fragment,,unattributed,requires_semantic_review
1049,16,unresolved_fragment,,unattributed,requires_semantic_review
1050,15,symbolic_candidate,,unattributed,requires_semantic_review
1051,8,unresolved_fragment,,unattributed,requires_semantic_review
1052,10,symbolic_candidate,,unattributed,requires_semantic_review
1053,12,unresolved_fragment,,unattributed,requires_semantic_review
1054,19,symbolic_candidate,,unattributed,requires_semantic_review
1055,13,symbolic_candidate,,unattributed,requires_semantic_review
1056,15,unresolved_fragment,,unattributed,requires_semantic_review
1057,10,symbolic_candidate,,unattributed,requires_semantic_review
1058,4,unresolved_fragment,,unattributed,requires_semantic_review
1059,16,symbolic_candidate,,unattributed,requires_semantic_review
1060,16,symbolic_candidate,,unattributed,requires_semantic_review
1061,16,symbolic_candidate,,unattributed,requires_semantic_review
1062,16,symbolic_candidate,,unattributed,requires_semantic_review
1063,15,symbolic_candidate,,unattributed,requires_semantic_review
1064,14,symbolic_candidate,,unattributed,requires_semantic_review
1065,14,unresolved_fragment,,unattributed,requires_semantic_review
1066,14,unresolved_fragment,,unattributed,requires_semantic_review
1067,11,unresolved_fragment,,unattributed,requires_semantic_review
1068,21,symbolic_candidate,,unattributed,requires_semantic_review
1069,9,unresolved_fragment,,unattributed,requires_semantic_review
1070,9,unresolved_fragment,,unattributed,requires_semantic_review
1071,17,symbolic_candidate,,unattributed,requires_semantic_review
1072,26,symbolic_candidate,,unattributed,requires_semantic_review
1073,20,symbolic_candidate,,unattributed,requires_semantic_review
1074,9,symbolic_candidate,,unattributed,requires_semantic_review
1075,11,unresolved_fragment,,unattributed,requires_semantic_review
1076,11,unresolved_fragment,,unattributed,requires_semantic_review
1077,16,symbolic_candidate,,unattributed,requires_semantic_review
1078,12,unresolved_fragment,,unattributed,requires_semantic_review
1079,5,symbolic_candidate,,unattributed,requires_semantic_review
1080,12,symbolic_candidate,,unattributed,requires_semantic_review
1081,12,symbolic_candidate,,unattributed,requires_semantic_review
1082,12,unresolved_fragment,,unattributed,requires_semantic_review
1083,8,unresolved_fragment,,unattributed,requires_semantic_review
1084,11,unresolved_fragment,,unattributed,requires_semantic_review
1085,14,unresolved_fragment,,unattributed,requires_semantic_review
1086,13,unresolved_fragment,,unattributed,requires_semantic_review
1087,12,unresolved_fragment,,unattributed,requires_semantic_review
1088,16,symbolic_candidate,,unattributed,requires_semantic_review
1089,3,unresolved_fragment,,unattributed,requires_semantic_review
1090,5,unresolved_fragment,,unattributed,requires_semantic_review
1091,5,unresolved_fragment,,unattributed,requires_semantic_review
1092,12,symbolic_candidate,,unattributed,requires_semantic_review
1093,4,unresolved_fragment,,unattributed,requires_semantic_review
1094,27,symbolic_candidate,,unattributed,requires_semantic_review
1095,2,unresolved_fragment,,unattributed,requires_semantic_review
1096,3,unresolved_fragment,,unattributed,requires_semantic_review
1097,5,unresolved_fragment,,unattributed,requires_semantic_review
1098,4,unresolved_fragment,,unattributed,requires_semantic_review
1099,9,unresolved_fragment,,unattributed,requires_semantic_review
1100,9,unresolved_fragment,,unattributed,requires_semantic_review
1101,10,unresolved_fragment,,unattributed,requires_semantic_review
1102,8,unresolved_fragment,,unattributed,requires_semantic_review
1103,7,unresolved_fragment,,unattributed,requires_semantic_review
1104,20,symbolic_candidate,,unattributed,requires_semantic_review
1105,16,symbolic_candidate,,unattributed,requires_semantic_review
1106,5,unresolved_fragment,,unattributed,requires_semantic_review
1107,17,symbolic_candidate,,unattributed,requires_semantic_review
1108,24,unresolved_fragment,,unattributed,requires_semantic_review
1109,7,symbolic_candidate,,unattributed,requires_semantic_review
1110,7,unresolved_fragment,,unattributed,requires_semantic_review
1111,6,unresolved_fragment,,unattributed,requires_semantic_review
1112,4,unresolved_fragment,,unattributed,requires_semantic_review
1113,6,unresolved_fragment,,unattributed,requires_semantic_review
1114,14,unresolved_fragment,,unattributed,requires_semantic_review
1115,9,unresolved_fragment,,unattributed,requires_semantic_review
1116,10,symbolic_candidate,,unattributed,requires_semantic_review
1117,8,symbolic_candidate,,unattributed,requires_semantic_review
1118,14,symbolic_candidate,,unattributed,requires_semantic_review
1119,18,symbolic_candidate,,unattributed,requires_semantic_review
1120,11,unresolved_fragment,,unattributed,requires_semantic_review
1121,7,unresolved_fragment,,unattributed,requires_semantic_review
1122,7,unresolved_fragment,,unattributed,requires_semantic_review
1123,14,symbolic_candidate,,unattributed,requires_semantic_review
1124,13,symbolic_candidate,,unattributed,requires_semantic_review
1125,34,prose_candidate,X-0037,dialogue_turn_unattributed,requires_semantic_review
1126,76,prose_candidate,X-0038,dialogue_turn_unattributed,requires_semantic_review
1127,6,unresolved_fragment,,unattributed,requires_semantic_review
1128,56,unresolved_fragment,,unattributed,requires_semantic_review
1129,56,prose_candidate,X-0039,dialogue_turn_unattributed,requires_semantic_review
1130,22,unresolved_fragment,,unattributed,requires_semantic_review
1131,9,unresolved_fragment,,unattributed,requires_semantic_review
1132,11,unresolved_fragment,,unattributed,requires_semantic_review
1133,8,unresolved_fragment,,unattributed,requires_semantic_review
1134,10,unresolved_fragment,,unattributed,requires_semantic_review
1135,11,unresolved_fragment,,unattributed,requires_semantic_review
1136,7,unresolved_fragment,,unattributed,requires_semantic_review
1137,11,symbolic_candidate,,unattributed,requires_semantic_review
1138,9,unresolved_fragment,,unattributed,requires_semantic_review
1139,17,symbolic_candidate,,unattributed,requires_semantic_review
1140,8,unresolved_fragment,,unattributed,requires_semantic_review
1141,14,symbolic_candidate,,unattributed,requires_semantic_review
1142,9,unresolved_fragment,,unattributed,requires_semantic_review
1143,11,symbolic_candidate,,unattributed,requires_semantic_review
1144,8,unresolved_fragment,,unattributed,requires_semantic_review
1145,8,unresolved_fragment,,unattributed,requires_semantic_review
1146,12,symbolic_candidate,,unattributed,requires_semantic_review
1147,8,unresolved_fragment,,unattributed,requires_semantic_review
1148,15,symbolic_candidate,,unattributed,requires_semantic_review
1149,8,unresolved_fragment,,unattributed,requires_semantic_review
1150,12,symbolic_candidate,,unattributed,requires_semantic_review
1151,7,unresolved_fragment,,unattributed,requires_semantic_review
1152,12,symbolic_candidate,,unattributed,requires_semantic_review
1153,8,unresolved_fragment,,unattributed,requires_semantic_review
1154,18,symbolic_candidate,,unattributed,requires_semantic_review
1155,11,unresolved_fragment,,unattributed,requires_semantic_review
1156,9,symbolic_candidate,,unattributed,requires_semantic_review
1157,5,symbolic_candidate,,unattributed,requires_semantic_review
1158,13,symbolic_candidate,,unattributed,requires_semantic_review
1159,8,unresolved_fragment,,unattributed,requires_semantic_review
1160,15,unresolved_fragment,,unattributed,requires_semantic_review
1161,16,unresolved_fragment,,unattributed,requires_semantic_review
1162,17,unresolved_fragment,,unattributed,requires_semantic_review
1163,15,unresolved_fragment,,unattributed,requires_semantic_review
1164,12,symbolic_candidate,,unattributed,requires_semantic_review
1165,7,unresolved_fragment,,unattributed,requires_semantic_review
1166,15,symbolic_candidate,,unattributed,requires_semantic_review
1167,12,unresolved_fragment,,unattributed,requires_semantic_review
1168,15,symbolic_candidate,,unattributed,requires_semantic_review
1169,11,unresolved_fragment,,unattributed,requires_semantic_review
1170,18,symbolic_candidate,,unattributed,requires_semantic_review
1171,8,unresolved_fragment,,unattributed,requires_semantic_review
1172,14,symbolic_candidate,,unattributed,requires_semantic_review
1173,9,unresolved_fragment,,unattributed,requires_semantic_review
1174,27,symbolic_candidate,,unattributed,requires_semantic_review
1175,7,unresolved_fragment,,unattributed,requires_semantic_review
1176,18,unresolved_fragment,,unattributed,requires_semantic_review
1177,7,unresolved_fragment,,unattributed,requires_semantic_review
1178,10,unresolved_fragment,,unattributed,requires_semantic_review
1179,9,unresolved_fragment,,unattributed,requires_semantic_review
1180,15,symbolic_candidate,,unattributed,requires_semantic_review
1181,7,unresolved_fragment,,unattributed,requires_semantic_review
1182,12,symbolic_candidate,,unattributed,requires_semantic_review
1183,9,unresolved_fragment,,unattributed,requires_semantic_review
1184,9,unresolved_fragment,,unattributed,requires_semantic_review
1185,9,symbolic_candidate,,unattributed,requires_semantic_review
1186,6,unresolved_fragment,,unattributed,requires_semantic_review
1187,10,symbolic_candidate,,unattributed,requires_semantic_review
1188,6,unresolved_fragment,,unattributed,requires_semantic_review
1189,11,symbolic_candidate,,unattributed,requires_semantic_review
1190,11,symbolic_candidate,,unattributed,requires_semantic_review
1191,9,symbolic_candidate,,unattributed,requires_semantic_review
1192,5,unresolved_fragment,,unattributed,requires_semantic_review
1193,14,unresolved_fragment,,unattributed,requires_semantic_review
1194,8,unresolved_fragment,,unattributed,requires_semantic_review
1195,20,symbolic_candidate,,unattributed,requires_semantic_review
1196,13,symbolic_candidate,,unattributed,requires_semantic_review
1197,5,unresolved_fragment,,unattributed,requires_semantic_review
1198,12,symbolic_candidate,,unattributed,requires_semantic_review
1199,7,unresolved_fragment,,unattributed,requires_semantic_review
1200,11,symbolic_candidate,,unattributed,requires_semantic_review
1201,6,unresolved_fragment,,unattributed,requires_semantic_review
1202,20,symbolic_candidate,,unattributed,requires_semantic_review
1203,9,unresolved_fragment,,unattributed,requires_semantic_review
1204,18,symbolic_candidate,,unattributed,requires_semantic_review
1205,38,symbolic_candidate,,unattributed,requires_semantic_review
1206,77,unresolved_fragment,,unattributed,requires_semantic_review
1207,32,symbolic_candidate,,unattributed,requires_semantic_review
1208,9,unresolved_fragment,,unattributed,requires_semantic_review
1209,9,symbolic_candidate,,unattributed,requires_semantic_review
1210,18,unresolved_fragment,,unattributed,requires_semantic_review
1211,6,unresolved_fragment,,unattributed,requires_semantic_review
1212,6,unresolved_fragment,,unattributed,requires_semantic_review
1213,8,unresolved_fragment,,unattributed,requires_semantic_review
1214,7,unresolved_fragment,,unattributed,requires_semantic_review
1215,7,unresolved_fragment,,unattributed,requires_semantic_review
1216,8,unresolved_fragment,,unattributed,requires_semantic_review
1217,7,unresolved_fragment,,unattributed,requires_semantic_review
1218,7,unresolved_fragment,,unattributed,requires_semantic_review
1219,9,unresolved_fragment,,unattributed,requires_semantic_review
1220,10,unresolved_fragment,,unattributed,requires_semantic_review
1221,10,unresolved_fragment,,unattributed,requires_semantic_review
1222,9,unresolved_fragment,,unattributed,requires_semantic_review
1223,6,unresolved_fragment,,unattributed,requires_semantic_review
1224,12,unresolved_fragment,,unattributed,requires_semantic_review
1225,6,unresolved_fragment,,unattributed,requires_semantic_review
1226,9,unresolved_fragment,,unattributed,requires_semantic_review
1227,9,unresolved_fragment,,unattributed,requires_semantic_review
1228,6,unresolved_fragment,,unattributed,requires_semantic_review
1229,8,unresolved_fragment,,unattributed,requires_semantic_review
1230,12,unresolved_fragment,,unattributed,requires_semantic_review
1231,8,unresolved_fragment,,unattributed,requires_semantic_review
1232,4,unresolved_fragment,,unattributed,requires_semantic_review
1233,7,unresolved_fragment,,unattributed,requires_semantic_review
1234,10,unresolved_fragment,,unattributed,requires_semantic_review
1235,8,unresolved_fragment,,unattributed,requires_semantic_review
1236,8,unresolved_fragment,,unattributed,requires_semantic_review
1237,9,unresolved_fragment,,unattributed,requires_semantic_review
1238,10,unresolved_fragment,,unattributed,requires_semantic_review
1239,6,unresolved_fragment,,unattributed,requires_semantic_review
1240,11,unresolved_fragment,,unattributed,requires_semantic_review
1241,8,unresolved_fragment,,unattributed,requires_semantic_review
1242,9,unresolved_fragment,,unattributed,requires_semantic_review
1243,8,unresolved_fragment,,unattributed,requires_semantic_review
1244,9,unresolved_fragment,,unattributed,requires_semantic_review
1245,7,unresolved_fragment,,unattributed,requires_semantic_review
1246,7,unresolved_fragment,,unattributed,requires_semantic_review
1247,7,unresolved_fragment,,unattributed,requires_semantic_review
1248,10,unresolved_fragment,,unattributed,requires_semantic_review
1249,9,unresolved_fragment,,unattributed,requires_semantic_review
1250,10,unresolved_fragment,,unattributed,requires_semantic_review
1251,10,unresolved_fragment,,unattributed,requires_semantic_review
1252,11,unresolved_fragment,,unattributed,requires_semantic_review
1253,8,unresolved_fragment,,unattributed,requires_semantic_review
1254,11,unresolved_fragment,,unattributed,requires_semantic_review
1255,8,unresolved_fragment,,unattributed,requires_semantic_review
1256,9,unresolved_fragment,,unattributed,requires_semantic_review
1257,7,unresolved_fragment,,unattributed,requires_semantic_review
1258,9,unresolved_fragment,,unattributed,requires_semantic_review
1259,9,unresolved_fragment,,unattributed,requires_semantic_review
1260,8,unresolved_fragment,,unattributed,requires_semantic_review
1261,6,unresolved_fragment,,unattributed,requires_semantic_review
1262,9,unresolved_fragment,,unattributed,requires_semantic_review
1263,12,unresolved_fragment,,unattributed,requires_semantic_review
1264,13,unresolved_fragment,,unattributed,requires_semantic_review
1265,9,unresolved_fragment,,unattributed,requires_semantic_review
1266,5,unresolved_fragment,,unattributed,requires_semantic_review
1267,8,unresolved_fragment,,unattributed,requires_semantic_review
1268,9,unresolved_fragment,,unattributed,requires_semantic_review
1269,14,unresolved_fragment,,unattributed,requires_semantic_review
1270,4,unresolved_fragment,,unattributed,requires_semantic_review
1271,7,unresolved_fragment,,unattributed,requires_semantic_review
1272,9,unresolved_fragment,,unattributed,requires_semantic_review
1273,8,unresolved_fragment,,unattributed,requires_semantic_review
1274,4,unresolved_fragment,,unattributed,requires_semantic_review
1275,9,unresolved_fragment,,unattributed,requires_semantic_review
1276,9,unresolved_fragment,,unattributed,requires_semantic_review
1277,9,unresolved_fragment,,unattributed,requires_semantic_review
1278,7,unresolved_fragment,,unattributed,requires_semantic_review
1279,7,unresolved_fragment,,unattributed,requires_semantic_review
1280,7,unresolved_fragment,,unattributed,requires_semantic_review
1281,8,unresolved_fragment,,unattributed,requires_semantic_review
1282,8,unresolved_fragment,,unattributed,requires_semantic_review
1283,7,unresolved_fragment,,unattributed,requires_semantic_review
1284,12,unresolved_fragment,,unattributed,requires_semantic_review
1285,5,unresolved_fragment,,unattributed,requires_semantic_review
1286,8,unresolved_fragment,,unattributed,requires_semantic_review
1287,6,unresolved_fragment,,unattributed,requires_semantic_review
1288,9,unresolved_fragment,,unattributed,requires_semantic_review
1289,5,unresolved_fragment,,unattributed,requires_semantic_review
1290,5,unresolved_fragment,,unattributed,requires_semantic_review
1291,10,unresolved_fragment,,unattributed,requires_semantic_review
1292,5,unresolved_fragment,,unattributed,requires_semantic_review
1293,4,unresolved_fragment,,unattributed,requires_semantic_review
1294,11,unresolved_fragment,,unattributed,requires_semantic_review
1295,7,unresolved_fragment,,unattributed,requires_semantic_review
1296,6,unresolved_fragment,,unattributed,requires_semantic_review
1297,10,unresolved_fragment,,unattributed,requires_semantic_review
1298,6,unresolved_fragment,,unattributed,requires_semantic_review
1299,14,unresolved_fragment,,unattributed,requires_semantic_review
1300,20,symbolic_candidate,,unattributed,requires_semantic_review
1301,10,unresolved_fragment,,unattributed,requires_semantic_review
1302,3,unresolved_fragment,,unattributed,requires_semantic_review
1303,6,symbolic_candidate,,unattributed,requires_semantic_review
1304,6,unresolved_fragment,,unattributed,requires_semantic_review
1305,5,unresolved_fragment,,unattributed,requires_semantic_review
1306,2,unresolved_fragment,,unattributed,requires_semantic_review
1307,6,unresolved_fragment,,unattributed,requires_semantic_review
1308,1,unresolved_fragment,,unattributed,requires_semantic_review
1309,7,unresolved_fragment,,unattributed,requires_semantic_review
1310,8,unresolved_fragment,,unattributed,requires_semantic_review
1311,1,unresolved_fragment,,unattributed,requires_semantic_review
1312,10,unresolved_fragment,,unattributed,requires_semantic_review
1313,9,unresolved_fragment,,unattributed,requires_semantic_review
1314,13,unresolved_fragment,,unattributed,requires_semantic_review
1315,1,unresolved_fragment,,unattributed,requires_semantic_review
1316,2,unresolved_fragment,,unattributed,requires_semantic_review
1317,1,unresolved_fragment,,unattributed,requires_semantic_review
1318,2,unresolved_fragment,,unattributed,requires_semantic_review
1319,1,unresolved_fragment,,unattributed,requires_semantic_review
1320,4,unresolved_fragment,,unattributed,requires_semantic_review
1321,16,symbolic_candidate,,unattributed,requires_semantic_review
1322,13,symbolic_candidate,,unattributed,requires_semantic_review
1323,16,unresolved_fragment,,unattributed,requires_semantic_review
1324,5,unresolved_fragment,,unattributed,requires_semantic_review
1325,6,unresolved_fragment,,unattributed,requires_semantic_review
1326,5,unresolved_fragment,,unattributed,requires_semantic_review
1327,5,unresolved_fragment,,unattributed,requires_semantic_review
1328,6,unresolved_fragment,,unattributed,requires_semantic_review
1329,8,unresolved_fragment,,unattributed,requires_semantic_review
1330,11,unresolved_fragment,,unattributed,requires_semantic_review
1331,2,unresolved_fragment,,unattributed,requires_semantic_review
1332,1,unresolved_fragment,,unattributed,requires_semantic_review
1333,2,unresolved_fragment,,unattributed,requires_semantic_review
1334,5,unresolved_fragment,,unattributed,requires_semantic_review
1335,6,unresolved_fragment,,unattributed,requires_semantic_review
1336,4,unresolved_fragment,,unattributed,requires_semantic_review
1337,9,unresolved_fragment,,unattributed,requires_semantic_review
1338,11,unresolved_fragment,,unattributed,requires_semantic_review
1339,16,unresolved_fragment,,unattributed,requires_semantic_review
1340,12,unresolved_fragment,,unattributed,requires_semantic_review
1341,9,unresolved_fragment,,unattributed,requires_semantic_review
1342,12,symbolic_candidate,,unattributed,requires_semantic_review
1343,11,unresolved_fragment,,unattributed,requires_semantic_review
1344,12,unresolved_fragment,,unattributed,requires_semantic_review
1345,13,symbolic_candidate,,unattributed,requires_semantic_review
1346,12,unresolved_fragment,,unattributed,requires_semantic_review
1347,7,unresolved_fragment,,unattributed,requires_semantic_review
1348,9,unresolved_fragment,,unattributed,requires_semantic_review
1349,11,unresolved_fragment,,unattributed,requires_semantic_review
1350,10,unresolved_fragment,,unattributed,requires_semantic_review
1351,8,unresolved_fragment,,unattributed,requires_semantic_review
1352,8,unresolved_fragment,,unattributed,requires_semantic_review
1353,5,unresolved_fragment,,unattributed,requires_semantic_review
1354,7,unresolved_fragment,,unattributed,requires_semantic_review
1355,12,unresolved_fragment,,unattributed,requires_semantic_review
1356,13,symbolic_candidate,,unattributed,requires_semantic_review
1357,17,symbolic_candidate,,unattributed,requires_semantic_review
1358,11,unresolved_fragment,,unattributed,requires_semantic_review
1359,18,unresolved_fragment,,unattributed,requires_semantic_review
1360,24,prose_candidate,X-0040,unattributed,requires_semantic_review
1361,26,symbolic_candidate,,unattributed,requires_semantic_review
1362,11,unresolved_fragment,,unattributed,requires_semantic_review
1363,23,symbolic_candidate,,unattributed,requires_semantic_review
1364,27,symbolic_candidate,,unattributed,requires_semantic_review
1365,18,unresolved_fragment,,unattributed,requires_semantic_review
1366,23,unresolved_fragment,,unattributed,requires_semantic_review
1367,19,symbolic_candidate,,unattributed,requires_semantic_review
1368,19,unresolved_fragment,,unattributed,requires_semantic_review
1369,13,unresolved_fragment,,unattributed,requires_semantic_review
1370,15,unresolved_fragment,,unattributed,requires_semantic_review
1371,14,unresolved_fragment,,unattributed,requires_semantic_review
1372,20,unresolved_fragment,,unattributed,requires_semantic_review
1373,11,unresolved_fragment,,unattributed,requires_semantic_review
1374,10,unresolved_fragment,,unattributed,requires_semantic_review
1375,14,symbolic_candidate,,unattributed,requires_semantic_review
1376,12,unresolved_fragment,,unattributed,requires_semantic_review
1377,19,symbolic_candidate,,unattributed,requires_semantic_review
1378,12,symbolic_candidate,,unattributed,requires_semantic_review
1379,13,unresolved_fragment,,unattributed,requires_semantic_review
1380,8,unresolved_fragment,,unattributed,requires_semantic_review
1381,14,unresolved_fragment,,unattributed,requires_semantic_review
1382,13,unresolved_fragment,,unattributed,requires_semantic_review
1383,19,symbolic_candidate,,unattributed,requires_semantic_review
1384,11,unresolved_fragment,,unattributed,requires_semantic_review
1385,12,unresolved_fragment,,unattributed,requires_semantic_review
1386,10,unresolved_fragment,,unattributed,requires_semantic_review
1387,16,unresolved_fragment,,unattributed,requires_semantic_review
1388,20,symbolic_candidate,,unattributed,requires_semantic_review
1389,17,unresolved_fragment,,unattributed,requires_semantic_review
1390,24,symbolic_candidate,,unattributed,requires_semantic_review
1391,8,unresolved_fragment,,unattributed,requires_semantic_review
1392,8,unresolved_fragment,,unattributed,requires_semantic_review
1393,6,unresolved_fragment,,unattributed,requires_semantic_review
1394,11,unresolved_fragment,,unattributed,requires_semantic_review
1395,21,symbolic_candidate,,unattributed,requires_semantic_review
1396,13,unresolved_fragment,,unattributed,requires_semantic_review
1397,20,symbolic_candidate,,unattributed,requires_semantic_review
1398,4,unresolved_fragment,,unattributed,requires_semantic_review
1399,17,symbolic_candidate,,unattributed,requires_semantic_review
1400,8,unresolved_fragment,,unattributed,requires_semantic_review
1401,9,symbolic_candidate,,unattributed,requires_semantic_review
1402,8,unresolved_fragment,,unattributed,requires_semantic_review
1403,9,unresolved_fragment,,unattributed,requires_semantic_review
1404,8,symbolic_candidate,,unattributed,requires_semantic_review
1405,6,unresolved_fragment,,unattributed,requires_semantic_review
1406,16,symbolic_candidate,,unattributed,requires_semantic_review
1407,12,unresolved_fragment,,unattributed,requires_semantic_review
1408,26,symbolic_candidate,,unattributed,requires_semantic_review
1409,7,unresolved_fragment,,unattributed,requires_semantic_review
1410,14,symbolic_candidate,,unattributed,requires_semantic_review
1411,21,symbolic_candidate,,unattributed,requires_semantic_review
1412,22,symbolic_candidate,,unattributed,requires_semantic_review
1413,14,symbolic_candidate,,unattributed,requires_semantic_review
1414,19,symbolic_candidate,,unattributed,requires_semantic_review
1415,15,unresolved_fragment,,unattributed,requires_semantic_review
1416,15,symbolic_candidate,,unattributed,requires_semantic_review
1417,12,unresolved_fragment,,unattributed,requires_semantic_review
1418,24,unresolved_fragment,,unattributed,requires_semantic_review
1419,8,unresolved_fragment,,unattributed,requires_semantic_review
1420,23,unresolved_fragment,,unattributed,requires_semantic_review
1421,25,prose_candidate,X-0041,dialogue_turn_unattributed,requires_semantic_review
1422,17,unresolved_fragment,,unattributed,requires_semantic_review
1423,18,symbolic_candidate,,unattributed,requires_semantic_review
1424,8,unresolved_fragment,,unattributed,requires_semantic_review
1425,13,symbolic_candidate,,unattributed,requires_semantic_review
1426,10,unresolved_fragment,,unattributed,requires_semantic_review
1427,8,unresolved_fragment,,unattributed,requires_semantic_review
1428,12,unresolved_fragment,,unattributed,requires_semantic_review
1429,17,symbolic_candidate,,unattributed,requires_semantic_review
1430,13,unresolved_fragment,,unattributed,requires_semantic_review
1431,24,unresolved_fragment,,unattributed,requires_semantic_review
1432,14,unresolved_fragment,,unattributed,requires_semantic_review
1433,12,unresolved_fragment,,unattributed,requires_semantic_review
1434,12,unresolved_fragment,,unattributed,requires_semantic_review
1435,6,unresolved_fragment,,unattributed,requires_semantic_review
1436,11,unresolved_fragment,,unattributed,requires_semantic_review
1437,31,symbolic_candidate,,unattributed,requires_semantic_review
1438,31,symbolic_candidate,,unattributed,requires_semantic_review
1439,12,unresolved_fragment,,unattributed,requires_semantic_review
1440,12,symbolic_candidate,,unattributed,requires_semantic_review
1441,11,unresolved_fragment,,unattributed,requires_semantic_review
1442,18,unresolved_fragment,,unattributed,requires_semantic_review
1443,13,unresolved_fragment,,unattributed,requires_semantic_review
1444,12,symbolic_candidate,,unattributed,requires_semantic_review
1445,11,unresolved_fragment,,unattributed,requires_semantic_review
1446,22,unresolved_fragment,,unattributed,requires_semantic_review
1447,15,unresolved_fragment,,unattributed,requires_semantic_review
1448,23,symbolic_candidate,,unattributed,requires_semantic_review
1449,19,unresolved_fragment,,unattributed,requires_semantic_review
1450,29,prose_candidate,X-0042,unattributed,requires_semantic_review
1451,15,unresolved_fragment,,unattributed,requires_semantic_review
1452,11,unresolved_fragment,,unattributed,requires_semantic_review
1453,15,unresolved_fragment,,unattributed,requires_semantic_review
1454,10,symbolic_candidate,,unattributed,requires_semantic_review
1455,19,unresolved_fragment,,unattributed,requires_semantic_review
1456,18,unresolved_fragment,,unattributed,requires_semantic_review
1457,20,symbolic_candidate,,unattributed,requires_semantic_review
1458,33,symbolic_candidate,,unattributed,requires_semantic_review
1459,11,symbolic_candidate,,unattributed,requires_semantic_review
1460,30,symbolic_candidate,,unattributed,requires_semantic_review
1461,26,symbolic_candidate,,unattributed,requires_semantic_review
1462,51,prose_candidate,X-0043,unattributed,requires_semantic_review
1463,12,symbolic_candidate,,unattributed,requires_semantic_review
1464,123,unresolved_fragment,,unattributed,requires_semantic_review
1465,2,unresolved_fragment,,unattributed,requires_semantic_review
1466,14,symbolic_candidate,,unattributed,requires_semantic_review
1467,25,symbolic_candidate,,unattributed,requires_semantic_review
1468,9,symbolic_candidate,,unattributed,requires_semantic_review
1469,10,unresolved_fragment,,unattributed,requires_semantic_review
1470,11,symbolic_candidate,,unattributed,requires_semantic_review
1471,19,symbolic_candidate,,unattributed,requires_semantic_review
1472,4,unresolved_fragment,,unattributed,requires_semantic_review
1473,13,unresolved_fragment,,unattributed,requires_semantic_review
1474,14,unresolved_fragment,,unattributed,requires_semantic_review
1475,9,unresolved_fragment,,unattributed,requires_semantic_review
1476,11,unresolved_fragment,,unattributed,requires_semantic_review
1477,20,symbolic_candidate,,unattributed,requires_semantic_review
1478,10,symbolic_candidate,,unattributed,requires_semantic_review
1479,1,structural,,unattributed,classified
1480,9,unresolved_fragment,,unattributed,requires_semantic_review
1481,19,unresolved_fragment,,unattributed,requires_semantic_review
1482,17,unresolved_fragment,,unattributed,requires_semantic_review
1483,33,unresolved_fragment,,unattributed,requires_semantic_review
1484,54,prose_candidate,X-0044,unattributed,requires_semantic_review
1485,29,symbolic_candidate,,unattributed,requires_semantic_review
1486,73,prose_candidate,X-0045,unattributed,requires_semantic_review
1487,30,symbolic_candidate,,unattributed,requires_semantic_review
1488,38,symbolic_candidate,,unattributed,requires_semantic_review
1489,71,prose_candidate,X-0046,dialogue_turn_unattributed,requires_semantic_review
1490,22,symbolic_candidate,,unattributed,requires_semantic_review
1491,57,prose_candidate,X-0047,unattributed,requires_semantic_review
1492,19,unresolved_fragment,,unattributed,requires_semantic_review
1493,14,unresolved_fragment,,unattributed,requires_semantic_review
1494,16,unresolved_fragment,,unattributed,requires_semantic_review
1495,24,prose_candidate,X-0048,dialogue_turn_unattributed,requires_semantic_review
1496,22,unresolved_fragment,,unattributed,requires_semantic_review
1497,32,symbolic_candidate,,unattributed,requires_semantic_review
1498,72,prose_candidate,X-0049,unattributed,requires_semantic_review
1499,30,symbolic_candidate,,unattributed,requires_semantic_review
1500,69,prose_candidate,X-0050,dialogue_turn_unattributed,requires_semantic_review
1501,13,unresolved_fragment,,unattributed,requires_semantic_review
1502,73,prose_candidate,X-0051,dialogue_turn_unattributed,requires_semantic_review
1503,37,symbolic_candidate,,unattributed,requires_semantic_review
1504,68,prose_candidate,X-0052,dialogue_turn_unattributed,requires_semantic_review
1505,60,prose_candidate,X-0053,dialogue_turn_unattributed,requires_semantic_review
1506,76,prose_candidate,X-0054,unattributed,requires_semantic_review
1507,36,symbolic_candidate,,unattributed,requires_semantic_review
1508,64,prose_candidate,X-0055,unattributed,requires_semantic_review
1509,65,prose_candidate,X-0056,dialogue_turn_unattributed,requires_semantic_review
1510,33,symbolic_candidate,,unattributed,requires_semantic_review
1511,51,prose_candidate,X-0057,unattributed,requires_semantic_review
1512,76,prose_candidate,X-0058,unattributed,requires_semantic_review
1513,11,unresolved_fragment,,unattributed,requires_semantic_review
1514,71,prose_candidate,X-0059,unattributed,requires_semantic_review
1515,73,prose_candidate,X-0060,unattributed,requires_semantic_review
1516,20,unresolved_fragment,,unattributed,requires_semantic_review
1517,48,prose_candidate,X-0061,unattributed,requires_semantic_review
1518,78,prose_candidate,X-0062,unattributed,requires_semantic_review
1519,21,unresolved_fragment,,unattributed,requires_semantic_review
1520,0,blank,,unattributed,classified
1521,11,symbolic_candidate,,unattributed,requires_semantic_review
1522,8,unresolved_fragment,,unattributed,requires_semantic_review
1523,13,symbolic_candidate,,unattributed,requires_semantic_review
1524,12,symbolic_candidate,,unattributed,requires_semantic_review
1525,16,unresolved_fragment,,unattributed,requires_semantic_review
1526,19,symbolic_candidate,,unattributed,requires_semantic_review
1527,21,unresolved_fragment,,unattributed,requires_semantic_review
1528,13,unresolved_fragment,,unattributed,requires_semantic_review
1529,13,unresolved_fragment,,unattributed,requires_semantic_review
1530,16,symbolic_candidate,,unattributed,requires_semantic_review
1531,20,unresolved_fragment,,unattributed,requires_semantic_review
1532,13,unresolved_fragment,,unattributed,requires_semantic_review
1533,15,symbolic_candidate,,unattributed,requires_semantic_review
1534,31,symbolic_candidate,,unattributed,requires_semantic_review
1535,7,unresolved_fragment,,unattributed,requires_semantic_review
1536,12,unresolved_fragment,,unattributed,requires_semantic_review
1537,11,unresolved_fragment,,unattributed,requires_semantic_review
1538,3,unresolved_fragment,,unattributed,requires_semantic_review
1539,13,unresolved_fragment,,unattributed,requires_semantic_review
1540,8,symbolic_candidate,,unattributed,requires_semantic_review
1541,9,unresolved_fragment,,unattributed,requires_semantic_review
1542,14,unresolved_fragment,,unattributed,requires_semantic_review
1543,17,symbolic_candidate,,unattributed,requires_semantic_review
1544,14,symbolic_candidate,,unattributed,requires_semantic_review
1545,19,unresolved_fragment,,unattributed,requires_semantic_review
1546,17,symbolic_candidate,,unattributed,requires_semantic_review
1547,9,unresolved_fragment,,unattributed,requires_semantic_review
1548,9,symbolic_candidate,,unattributed,requires_semantic_review
1549,9,unresolved_fragment,,unattributed,requires_semantic_review
1550,16,unresolved_fragment,,unattributed,requires_semantic_review
1551,7,unresolved_fragment,,unattributed,requires_semantic_review
1552,6,unresolved_fragment,,unattributed,requires_semantic_review
1553,14,symbolic_candidate,,unattributed,requires_semantic_review
1554,13,unresolved_fragment,,unattributed,requires_semantic_review
1555,15,symbolic_candidate,,unattributed,requires_semantic_review
1556,33,symbolic_candidate,,unattributed,requires_semantic_review
1557,16,symbolic_candidate,,unattributed,requires_semantic_review
1558,14,symbolic_candidate,,unattributed,requires_semantic_review
1559,18,unresolved_fragment,,unattributed,requires_semantic_review
1560,14,symbolic_candidate,,unattributed,requires_semantic_review
1561,8,unresolved_fragment,,unattributed,requires_semantic_review
1562,10,symbolic_candidate,,unattributed,requires_semantic_review
1563,6,symbolic_candidate,,unattributed,requires_semantic_review
1564,14,symbolic_candidate,,unattributed,requires_semantic_review
1565,11,symbolic_candidate,,unattributed,requires_semantic_review
1566,31,prose_candidate,X-0063,unattributed,requires_semantic_review
1567,4,unresolved_fragment,,unattributed,requires_semantic_review
1568,11,symbolic_candidate,,unattributed,requires_semantic_review
1569,10,symbolic_candidate,,unattributed,requires_semantic_review
1570,14,symbolic_candidate,,unattributed,requires_semantic_review
1571,10,unresolved_fragment,,unattributed,requires_semantic_review
1572,10,unresolved_fragment,,unattributed,requires_semantic_review
1573,12,unresolved_fragment,,unattributed,requires_semantic_review
1574,10,unresolved_fragment,,unattributed,requires_semantic_review
1575,7,unresolved_fragment,,unattributed,requires_semantic_review
1576,7,unresolved_fragment,,unattributed,requires_semantic_review
1577,17,symbolic_candidate,,unattributed,requires_semantic_review
1578,9,unresolved_fragment,,unattributed,requires_semantic_review
1579,6,symbolic_candidate,,unattributed,requires_semantic_review
1580,13,symbolic_candidate,,unattributed,requires_semantic_review
1581,17,symbolic_candidate,,unattributed,requires_semantic_review
1582,12,unresolved_fragment,,unattributed,requires_semantic_review
1583,10,symbolic_candidate,,unattributed,requires_semantic_review
1584,9,symbolic_candidate,,unattributed,requires_semantic_review
1585,12,unresolved_fragment,,unattributed,requires_semantic_review
1586,13,unresolved_fragment,,unattributed,requires_semantic_review
1587,17,symbolic_candidate,,unattributed,requires_semantic_review
1588,9,symbolic_candidate,,unattributed,requires_semantic_review
1589,8,unresolved_fragment,,unattributed,requires_semantic_review
1590,16,unresolved_fragment,,unattributed,requires_semantic_review
1591,2,unresolved_fragment,,unattributed,requires_semantic_review
1592,14,unresolved_fragment,,unattributed,requires_semantic_review
1593,3,unresolved_fragment,,unattributed,requires_semantic_review
1594,11,symbolic_candidate,,unattributed,requires_semantic_review
1595,14,unresolved_fragment,,unattributed,requires_semantic_review
1596,20,symbolic_candidate,,unattributed,requires_semantic_review
1597,18,symbolic_candidate,,unattributed,requires_semantic_review
1598,10,symbolic_candidate,,unattributed,requires_semantic_review
1599,10,unresolved_fragment,,unattributed,requires_semantic_review
1600,9,symbolic_candidate,,unattributed,requires_semantic_review
1601,10,symbolic_candidate,,unattributed,requires_semantic_review
1602,8,symbolic_candidate,,unattributed,requires_semantic_review
1603,7,symbolic_candidate,,unattributed,requires_semantic_review
1604,9,symbolic_candidate,,unattributed,requires_semantic_review
1605,15,unresolved_fragment,,unattributed,requires_semantic_review
1606,11,unresolved_fragment,,unattributed,requires_semantic_review
1607,10,unresolved_fragment,,unattributed,requires_semantic_review
1608,9,unresolved_fragment,,unattributed,requires_semantic_review
1609,4,unresolved_fragment,,unattributed,requires_semantic_review
1610,5,unresolved_fragment,,unattributed,requires_semantic_review
1611,5,unresolved_fragment,,unattributed,requires_semantic_review
1612,11,unresolved_fragment,,unattributed,requires_semantic_review
1613,13,symbolic_candidate,,unattributed,requires_semantic_review
1614,9,symbolic_candidate,,unattributed,requires_semantic_review
1615,5,symbolic_candidate,,unattributed,requires_semantic_review
1616,17,unresolved_fragment,,unattributed,requires_semantic_review
1617,10,unresolved_fragment,,unattributed,requires_semantic_review
1618,16,symbolic_candidate,,unattributed,requires_semantic_review
1619,7,unresolved_fragment,,unattributed,requires_semantic_review
1620,20,symbolic_candidate,,unattributed,requires_semantic_review
1621,24,symbolic_candidate,,unattributed,requires_semantic_review
1622,18,symbolic_candidate,,unattributed,requires_semantic_review
1623,19,symbolic_candidate,,unattributed,requires_semantic_review
1624,6,unresolved_fragment,,unattributed,requires_semantic_review
1625,5,unresolved_fragment,,unattributed,requires_semantic_review
1626,3,unresolved_fragment,,unattributed,requires_semantic_review
1627,6,symbolic_candidate,,unattributed,requires_semantic_review
1628,19,symbolic_candidate,,unattributed,requires_semantic_review
1629,13,symbolic_candidate,,unattributed,requires_semantic_review
1630,3,unresolved_fragment,,unattributed,requires_semantic_review
1631,5,unresolved_fragment,,unattributed,requires_semantic_review
1632,9,unresolved_fragment,,unattributed,requires_semantic_review
1633,5,unresolved_fragment,,unattributed,requires_semantic_review
1634,13,unresolved_fragment,,unattributed,requires_semantic_review
1635,18,unresolved_fragment,,unattributed,requires_semantic_review
1636,18,symbolic_candidate,,unattributed,requires_semantic_review
1637,26,prose_candidate,X-0064,unattributed,requires_semantic_review
1638,3,unresolved_fragment,,unattributed,requires_semantic_review
1639,17,unresolved_fragment,,unattributed,requires_semantic_review
1640,12,unresolved_fragment,,unattributed,requires_semantic_review
1641,22,symbolic_candidate,,unattributed,requires_semantic_review
1642,7,unresolved_fragment,,unattributed,requires_semantic_review
1643,8,symbolic_candidate,,unattributed,requires_semantic_review
1644,7,unresolved_fragment,,unattributed,requires_semantic_review
1645,17,symbolic_candidate,,unattributed,requires_semantic_review
1646,8,unresolved_fragment,,unattributed,requires_semantic_review
1647,14,unresolved_fragment,,unattributed,requires_semantic_review
1648,6,unresolved_fragment,,unattributed,requires_semantic_review
1649,6,unresolved_fragment,,unattributed,requires_semantic_review
1650,8,unresolved_fragment,,unattributed,requires_semantic_review
1651,5,unresolved_fragment,,unattributed,requires_semantic_review
1652,8,unresolved_fragment,,unattributed,requires_semantic_review
1653,12,symbolic_candidate,,unattributed,requires_semantic_review
1654,3,unresolved_fragment,,unattributed,requires_semantic_review
1655,7,unresolved_fragment,,unattributed,requires_semantic_review
1656,3,unresolved_fragment,,unattributed,requires_semantic_review
1657,4,unresolved_fragment,,unattributed,requires_semantic_review
1658,3,unresolved_fragment,,unattributed,requires_semantic_review
1659,13,symbolic_candidate,,unattributed,requires_semantic_review
1660,12,unresolved_fragment,,unattributed,requires_semantic_review
1661,11,unresolved_fragment,,unattributed,requires_semantic_review
1662,14,unresolved_fragment,,unattributed,requires_semantic_review
1663,17,unresolved_fragment,,unattributed,requires_semantic_review
1664,14,symbolic_candidate,,unattributed,requires_semantic_review
1665,9,symbolic_candidate,,unattributed,requires_semantic_review
1666,12,symbolic_candidate,,unattributed,requires_semantic_review
1667,5,unresolved_fragment,,unattributed,requires_semantic_review
1668,16,symbolic_candidate,,unattributed,requires_semantic_review
1669,15,symbolic_candidate,,unattributed,requires_semantic_review
1670,16,unresolved_fragment,,unattributed,requires_semantic_review
1671,13,symbolic_candidate,,unattributed,requires_semantic_review
1672,13,symbolic_candidate,,unattributed,requires_semantic_review
1673,12,symbolic_candidate,,unattributed,requires_semantic_review
1674,10,symbolic_candidate,,unattributed,requires_semantic_review
1675,3,unresolved_fragment,,unattributed,requires_semantic_review
1676,13,symbolic_candidate,,unattributed,requires_semantic_review
1677,16,unresolved_fragment,,unattributed,requires_semantic_review
1678,11,symbolic_candidate,,unattributed,requires_semantic_review
1679,13,symbolic_candidate,,unattributed,requires_semantic_review
1680,3,unresolved_fragment,,unattributed,requires_semantic_review
1681,17,symbolic_candidate,,unattributed,requires_semantic_review
1682,14,symbolic_candidate,,unattributed,requires_semantic_review
1683,14,symbolic_candidate,,unattributed,requires_semantic_review
1684,9,unresolved_fragment,,unattributed,requires_semantic_review
1685,10,unresolved_fragment,,unattributed,requires_semantic_review
1686,8,unresolved_fragment,,unattributed,requires_semantic_review
1687,12,symbolic_candidate,,unattributed,requires_semantic_review
1688,6,unresolved_fragment,,unattributed,requires_semantic_review
1689,14,unresolved_fragment,,unattributed,requires_semantic_review
1690,9,unresolved_fragment,,unattributed,requires_semantic_review
1691,13,unresolved_fragment,,unattributed,requires_semantic_review
1692,11,unresolved_fragment,,unattributed,requires_semantic_review
1693,8,unresolved_fragment,,unattributed,requires_semantic_review
1694,14,symbolic_candidate,,unattributed,requires_semantic_review
1695,15,unresolved_fragment,,unattributed,requires_semantic_review
1696,10,symbolic_candidate,,unattributed,requires_semantic_review
1697,5,unresolved_fragment,,unattributed,requires_semantic_review
1698,7,symbolic_candidate,,unattributed,requires_semantic_review
1699,9,unresolved_fragment,,unattributed,requires_semantic_review
1700,3,unresolved_fragment,,unattributed,requires_semantic_review
1701,9,unresolved_fragment,,unattributed,requires_semantic_review
1702,12,symbolic_candidate,,unattributed,requires_semantic_review
1703,12,symbolic_candidate,,unattributed,requires_semantic_review
1704,14,symbolic_candidate,,unattributed,requires_semantic_review
1705,3,unresolved_fragment,,unattributed,requires_semantic_review
1706,10,unresolved_fragment,,unattributed,requires_semantic_review
1707,3,unresolved_fragment,,unattributed,requires_semantic_review
1708,2,unresolved_fragment,,unattributed,requires_semantic_review
1709,2,unresolved_fragment,,unattributed,requires_semantic_review
1710,5,unresolved_fragment,,unattributed,requires_semantic_review
1711,3,unresolved_fragment,,unattributed,requires_semantic_review
1712,7,symbolic_candidate,,unattributed,requires_semantic_review
1713,10,unresolved_fragment,,unattributed,requires_semantic_review
1714,9,symbolic_candidate,,unattributed,requires_semantic_review
1715,5,symbolic_candidate,,unattributed,requires_semantic_review
1716,15,symbolic_candidate,,unattributed,requires_semantic_review
1717,9,unresolved_fragment,,unattributed,requires_semantic_review
1718,8,symbolic_candidate,,unattributed,requires_semantic_review
1719,8,unresolved_fragment,,unattributed,requires_semantic_review
1720,14,symbolic_candidate,,unattributed,requires_semantic_review
1721,8,symbolic_candidate,,unattributed,requires_semantic_review
1722,3,unresolved_fragment,,unattributed,requires_semantic_review
1723,14,unresolved_fragment,,unattributed,requires_semantic_review
1724,15,symbolic_candidate,,unattributed,requires_semantic_review
1725,9,unresolved_fragment,,unattributed,requires_semantic_review
1726,8,unresolved_fragment,,unattributed,requires_semantic_review
1727,9,symbolic_candidate,,unattributed,requires_semantic_review
1728,14,symbolic_candidate,,unattributed,requires_semantic_review
1729,9,unresolved_fragment,,unattributed,requires_semantic_review
1730,5,unresolved_fragment,,unattributed,requires_semantic_review
1731,3,unresolved_fragment,,unattributed,requires_semantic_review
1732,11,unresolved_fragment,,unattributed,requires_semantic_review
1733,10,symbolic_candidate,,unattributed,requires_semantic_review
1734,13,unresolved_fragment,,unattributed,requires_semantic_review
1735,33,symbolic_candidate,,unattributed,requires_semantic_review
1736,10,symbolic_candidate,,unattributed,requires_semantic_review
1737,8,unresolved_fragment,,unattributed,requires_semantic_review
1738,7,unresolved_fragment,,unattributed,requires_semantic_review
1739,7,unresolved_fragment,,unattributed,requires_semantic_review
1740,2,unresolved_fragment,,unattributed,requires_semantic_review
1741,8,unresolved_fragment,,unattributed,requires_semantic_review
1742,8,unresolved_fragment,,unattributed,requires_semantic_review
1743,15,symbolic_candidate,,unattributed,requires_semantic_review
1744,25,symbolic_candidate,,unattributed,requires_semantic_review
1745,2,unresolved_fragment,,unattributed,requires_semantic_review
1746,5,unresolved_fragment,,unattributed,requires_semantic_review
1747,4,unresolved_fragment,,unattributed,requires_semantic_review
1748,1,unresolved_fragment,,unattributed,requires_semantic_review
1749,16,symbolic_candidate,,unattributed,requires_semantic_review
1750,11,unresolved_fragment,,unattributed,requires_semantic_review
1751,6,unresolved_fragment,,unattributed,requires_semantic_review
1752,6,unresolved_fragment,,unattributed,requires_semantic_review
1753,8,unresolved_fragment,,unattributed,requires_semantic_review
1754,29,symbolic_candidate,,unattributed,requires_semantic_review
1755,8,unresolved_fragment,,unattributed,requires_semantic_review
1756,5,unresolved_fragment,,unattributed,requires_semantic_review
1757,7,unresolved_fragment,,unattributed,requires_semantic_review
1758,7,unresolved_fragment,,unattributed,requires_semantic_review
1759,9,unresolved_fragment,,unattributed,requires_semantic_review
1760,11,unresolved_fragment,,unattributed,requires_semantic_review
1761,10,unresolved_fragment,,unattributed,requires_semantic_review
1762,6,unresolved_fragment,,unattributed,requires_semantic_review
1763,8,unresolved_fragment,,unattributed,requires_semantic_review
1764,12,symbolic_candidate,,unattributed,requires_semantic_review
1765,27,symbolic_candidate,,unattributed,requires_semantic_review
1766,12,unresolved_fragment,,unattributed,requires_semantic_review
1767,7,unresolved_fragment,,unattributed,requires_semantic_review
1768,8,unresolved_fragment,,unattributed,requires_semantic_review
1769,7,symbolic_candidate,,unattributed,requires_semantic_review
1770,9,symbolic_candidate,,unattributed,requires_semantic_review
1771,11,symbolic_candidate,,unattributed,requires_semantic_review
1772,3,unresolved_fragment,,unattributed,requires_semantic_review
1773,6,unresolved_fragment,,unattributed,requires_semantic_review
1774,8,unresolved_fragment,,unattributed,requires_semantic_review
1775,5,unresolved_fragment,,unattributed,requires_semantic_review
1776,4,unresolved_fragment,,unattributed,requires_semantic_review
1777,4,unresolved_fragment,,unattributed,requires_semantic_review
1778,8,unresolved_fragment,,unattributed,requires_semantic_review
1779,26,symbolic_candidate,,unattributed,requires_semantic_review
1780,18,unresolved_fragment,,unattributed,requires_semantic_review
1781,13,unresolved_fragment,,unattributed,requires_semantic_review
1782,16,symbolic_candidate,,unattributed,requires_semantic_review
1783,5,unresolved_fragment,,unattributed,requires_semantic_review
1784,2,unresolved_fragment,,unattributed,requires_semantic_review
1785,7,unresolved_fragment,,unattributed,requires_semantic_review
1786,4,unresolved_fragment,,unattributed,requires_semantic_review
1787,12,unresolved_fragment,,unattributed,requires_semantic_review
1788,10,unresolved_fragment,,unattributed,requires_semantic_review
1789,8,unresolved_fragment,,unattributed,requires_semantic_review
1790,21,unresolved_fragment,,unattributed,requires_semantic_review
1791,8,unresolved_fragment,,unattributed,requires_semantic_review
1792,14,unresolved_fragment,,unattributed,requires_semantic_review
1793,15,symbolic_candidate,,unattributed,requires_semantic_review
1794,34,symbolic_candidate,,unattributed,requires_semantic_review
1795,13,symbolic_candidate,,unattributed,requires_semantic_review
1796,10,unresolved_fragment,,unattributed,requires_semantic_review
1797,14,unresolved_fragment,,unattributed,requires_semantic_review
1798,22,symbolic_candidate,,unattributed,requires_semantic_review
1799,2,unresolved_fragment,,unattributed,requires_semantic_review
1800,7,unresolved_fragment,,unattributed,requires_semantic_review
1801,18,symbolic_candidate,,unattributed,requires_semantic_review
1802,11,symbolic_candidate,,unattributed,requires_semantic_review
1803,8,unresolved_fragment,,unattributed,requires_semantic_review
1804,8,unresolved_fragment,,unattributed,requires_semantic_review
1805,9,unresolved_fragment,,unattributed,requires_semantic_review
1806,1,structural,,unattributed,classified
1807,13,symbolic_candidate,,unattributed,requires_semantic_review
1808,11,symbolic_candidate,,unattributed,requires_semantic_review
1809,10,symbolic_candidate,,unattributed,requires_semantic_review
1810,11,unresolved_fragment,,unattributed,requires_semantic_review
1811,14,unresolved_fragment,,unattributed,requires_semantic_review
1812,7,unresolved_fragment,,unattributed,requires_semantic_review
1813,6,unresolved_fragment,,unattributed,requires_semantic_review
1814,7,unresolved_fragment,,unattributed,requires_semantic_review
1815,1,structural,,unattributed,classified
1816,2,unresolved_fragment,,unattributed,requires_semantic_review
1817,1,unresolved_fragment,,unattributed,requires_semantic_review
1818,6,unresolved_fragment,,unattributed,requires_semantic_review
1819,9,unresolved_fragment,,unattributed,requires_semantic_review
1820,10,unresolved_fragment,,unattributed,requires_semantic_review
1821,7,unresolved_fragment,,unattributed,requires_semantic_review
1822,1,structural,,unattributed,classified
1823,14,unresolved_fragment,,unattributed,requires_semantic_review
1824,20,symbolic_candidate,,unattributed,requires_semantic_review
1825,18,symbolic_candidate,,unattributed,requires_semantic_review
1826,14,unresolved_fragment,,unattributed,requires_semantic_review
1827,8,unresolved_fragment,,unattributed,requires_semantic_review
1828,19,unresolved_fragment,,unattributed,requires_semantic_review
1829,1,structural,,unattributed,classified
1830,11,unresolved_fragment,,unattributed,requires_semantic_review
1831,9,unresolved_fragment,,unattributed,requires_semantic_review
1832,13,unresolved_fragment,,unattributed,requires_semantic_review
1833,1,structural,,unattributed,classified
1834,7,unresolved_fragment,,unattributed,requires_semantic_review
1835,29,symbolic_candidate,,unattributed,requires_semantic_review
1836,29,unresolved_fragment,,unattributed,requires_semantic_review
1837,22,unresolved_fragment,,unattributed,requires_semantic_review
1838,1,structural,,unattributed,classified
1839,6,unresolved_fragment,,unattributed,requires_semantic_review
1840,11,symbolic_candidate,,unattributed,requires_semantic_review
1841,4,unresolved_fragment,,unattributed,requires_semantic_review
1842,8,unresolved_fragment,,unattributed,requires_semantic_review
1843,15,unresolved_fragment,,unattributed,requires_semantic_review
1844,12,symbolic_candidate,,unattributed,requires_semantic_review
1845,16,symbolic_candidate,,unattributed,requires_semantic_review
1846,1,structural,,unattributed,classified
1847,11,symbolic_candidate,,unattributed,requires_semantic_review
1848,9,symbolic_candidate,,unattributed,requires_semantic_review
1849,6,unresolved_fragment,,unattributed,requires_semantic_review
1850,7,unresolved_fragment,,unattributed,requires_semantic_review
1851,1,structural,,unattributed,classified
1852,35,symbolic_candidate,,unattributed,requires_semantic_review
1853,1,structural,,unattributed,classified
1854,9,symbolic_candidate,,unattributed,requires_semantic_review
1855,21,unresolved_fragment,,unattributed,requires_semantic_review
1856,22,symbolic_candidate,,unattributed,requires_semantic_review
1857,22,unresolved_fragment,,unattributed,requires_semantic_review
1858,19,unresolved_fragment,,unattributed,requires_semantic_review
1859,10,symbolic_candidate,,unattributed,requires_semantic_review
1860,13,unresolved_fragment,,unattributed,requires_semantic_review
1861,6,unresolved_fragment,,unattributed,requires_semantic_review
1862,2,unresolved_fragment,,unattributed,requires_semantic_review
1863,3,unresolved_fragment,,unattributed,requires_semantic_review
1864,1,structural,,unattributed,classified
1865,15,symbolic_candidate,,unattributed,requires_semantic_review
1866,18,symbolic_candidate,,unattributed,requires_semantic_review
1867,14,unresolved_fragment,,unattributed,requires_semantic_review
1868,1,structural,,unattributed,classified
1869,7,unresolved_fragment,,unattributed,requires_semantic_review
1870,4,unresolved_fragment,,unattributed,requires_semantic_review
1871,28,unresolved_fragment,,unattributed,requires_semantic_review
1872,5,unresolved_fragment,,unattributed,requires_semantic_review
1873,1,structural,,unattributed,classified
1874,12,symbolic_candidate,,unattributed,requires_semantic_review
1875,5,unresolved_fragment,,unattributed,requires_semantic_review
1876,8,unresolved_fragment,,unattributed,requires_semantic_review
1877,1,structural,,unattributed,classified
1878,5,unresolved_fragment,,unattributed,requires_semantic_review
1879,7,unresolved_fragment,,unattributed,requires_semantic_review
1880,5,unresolved_fragment,,unattributed,requires_semantic_review
1881,11,unresolved_fragment,,unattributed,requires_semantic_review
1882,1,structural,,unattributed,classified
1883,14,symbolic_candidate,,unattributed,requires_semantic_review
1884,4,unresolved_fragment,,unattributed,requires_semantic_review
1885,4,unresolved_fragment,,unattributed,requires_semantic_review
1886,8,unresolved_fragment,,unattributed,requires_semantic_review
1887,7,symbolic_candidate,,unattributed,requires_semantic_review
1888,23,unresolved_fragment,,unattributed,requires_semantic_review
1889,8,unresolved_fragment,,unattributed,requires_semantic_review
1890,10,unresolved_fragment,,unattributed,requires_semantic_review
1891,1,structural,,unattributed,classified
1892,9,unresolved_fragment,,unattributed,requires_semantic_review
1893,13,symbolic_candidate,,unattributed,requires_semantic_review
1894,11,symbolic_candidate,,unattributed,requires_semantic_review
1895,11,symbolic_candidate,,unattributed,requires_semantic_review
1896,10,unresolved_fragment,,unattributed,requires_semantic_review
1897,1,structural,,unattributed,classified
1898,16,symbolic_candidate,,unattributed,requires_semantic_review
1899,10,unresolved_fragment,,unattributed,requires_semantic_review
1900,2,unresolved_fragment,,unattributed,requires_semantic_review
1901,6,unresolved_fragment,,unattributed,requires_semantic_review
1902,15,unresolved_fragment,,unattributed,requires_semantic_review
1903,5,unresolved_fragment,,unattributed,requires_semantic_review
1904,8,symbolic_candidate,,unattributed,requires_semantic_review
1905,5,unresolved_fragment,,unattributed,requires_semantic_review
1906,3,unresolved_fragment,,unattributed,requires_semantic_review
1907,14,symbolic_candidate,,unattributed,requires_semantic_review
1908,7,unresolved_fragment,,unattributed,requires_semantic_review
1909,1,structural,,unattributed,classified
1910,8,symbolic_candidate,,unattributed,requires_semantic_review
1911,10,symbolic_candidate,,unattributed,requires_semantic_review
1912,8,symbolic_candidate,,unattributed,requires_semantic_review
1913,8,symbolic_candidate,,unattributed,requires_semantic_review
1914,8,symbolic_candidate,,unattributed,requires_semantic_review
1915,1,structural,,unattributed,classified
1916,18,symbolic_candidate,,unattributed,requires_semantic_review
1917,16,unresolved_fragment,,unattributed,requires_semantic_review
1918,16,symbolic_candidate,,unattributed,requires_semantic_review
1919,13,symbolic_candidate,,unattributed,requires_semantic_review
1920,11,symbolic_candidate,,unattributed,requires_semantic_review
1921,15,symbolic_candidate,,unattributed,requires_semantic_review
1922,20,symbolic_candidate,,unattributed,requires_semantic_review
1923,1,structural,,unattributed,classified
1924,15,unresolved_fragment,,unattributed,requires_semantic_review
1925,18,unresolved_fragment,,unattributed,requires_semantic_review
1926,11,symbolic_candidate,,unattributed,requires_semantic_review
1927,12,symbolic_candidate,,unattributed,requires_semantic_review
1928,8,unresolved_fragment,,unattributed,requires_semantic_review
1929,2,unresolved_fragment,,unattributed,requires_semantic_review
1930,26,symbolic_candidate,,unattributed,requires_semantic_review
1931,1,structural,,unattributed,classified
1932,11,symbolic_candidate,,unattributed,requires_semantic_review
1933,38,symbolic_candidate,,unattributed,requires_semantic_review
1934,15,symbolic_candidate,,unattributed,requires_semantic_review
1935,15,symbolic_candidate,,unattributed,requires_semantic_review
1936,11,unresolved_fragment,,unattributed,requires_semantic_review
1937,16,symbolic_candidate,,unattributed,requires_semantic_review
1938,1,structural,,unattributed,classified
1939,12,symbolic_candidate,,unattributed,requires_semantic_review
1940,11,symbolic_candidate,,unattributed,requires_semantic_review
1941,8,unresolved_fragment,,unattributed,requires_semantic_review
1942,5,unresolved_fragment,,unattributed,requires_semantic_review
1943,6,unresolved_fragment,,unattributed,requires_semantic_review
1944,3,unresolved_fragment,,unattributed,requires_semantic_review
1945,1,structural,,unattributed,classified
1946,15,unresolved_fragment,,unattributed,requires_semantic_review
1947,17,symbolic_candidate,,unattributed,requires_semantic_review
1948,16,symbolic_candidate,,unattributed,requires_semantic_review
1949,1,structural,,unattributed,classified
1950,9,symbolic_candidate,,unattributed,requires_semantic_review
1951,14,symbolic_candidate,,unattributed,requires_semantic_review
1952,10,unresolved_fragment,,unattributed,requires_semantic_review
1953,1,structural,,unattributed,classified
1954,21,symbolic_candidate,,unattributed,requires_semantic_review
1955,1,structural,,unattributed,classified
1956,11,unresolved_fragment,,unattributed,requires_semantic_review
1957,1,structural,,unattributed,classified
1958,21,unresolved_fragment,,unattributed,requires_semantic_review
1959,21,symbolic_candidate,,unattributed,requires_semantic_review
1960,1,structural,,unattributed,classified
1961,14,unresolved_fragment,,unattributed,requires_semantic_review
1962,17,unresolved_fragment,,unattributed,requires_semantic_review
1963,32,symbolic_candidate,,unattributed,requires_semantic_review
1964,24,symbolic_candidate,,unattributed,requires_semantic_review
1965,11,unresolved_fragment,,unattributed,requires_semantic_review
1966,18,symbolic_candidate,,unattributed,requires_semantic_review
1967,24,prose_candidate,X-0065,unattributed,requires_semantic_review
1968,12,unresolved_fragment,,unattributed,requires_semantic_review
1969,19,symbolic_candidate,,unattributed,requires_semantic_review
1970,21,symbolic_candidate,,unattributed,requires_semantic_review
1971,17,symbolic_candidate,,unattributed,requires_semantic_review
1972,1,structural,,unattributed,classified
1973,6,unresolved_fragment,,unattributed,requires_semantic_review
1974,5,symbolic_candidate,,unattributed,requires_semantic_review
1975,9,unresolved_fragment,,unattributed,requires_semantic_review
1976,12,symbolic_candidate,,unattributed,requires_semantic_review
1977,1,structural,,unattributed,classified
1978,15,symbolic_candidate,,unattributed,requires_semantic_review
1979,10,symbolic_candidate,,unattributed,requires_semantic_review
1980,1,unresolved_fragment,,unattributed,requires_semantic_review
1981,1,structural,,unattributed,classified
1982,13,unresolved_fragment,,unattributed,requires_semantic_review
1983,6,symbolic_candidate,,unattributed,requires_semantic_review
1984,8,unresolved_fragment,,unattributed,requires_semantic_review
1985,14,symbolic_candidate,,unattributed,requires_semantic_review
1986,15,symbolic_candidate,,unattributed,requires_semantic_review
1987,1,structural,,unattributed,classified
1988,16,symbolic_candidate,,unattributed,requires_semantic_review
1989,5,unresolved_fragment,,unattributed,requires_semantic_review
1990,7,unresolved_fragment,,unattributed,requires_semantic_review
1991,20,symbolic_candidate,,unattributed,requires_semantic_review
1992,21,unresolved_fragment,,unattributed,requires_semantic_review
1993,9,unresolved_fragment,,unattributed,requires_semantic_review
1994,14,symbolic_candidate,,unattributed,requires_semantic_review
1995,12,unresolved_fragment,,unattributed,requires_semantic_review
1996,8,symbolic_candidate,,unattributed,requires_semantic_review
1997,13,symbolic_candidate,,unattributed,requires_semantic_review
1998,15,symbolic_candidate,,unattributed,requires_semantic_review
1999,9,symbolic_candidate,,unattributed,requires_semantic_review
2000,2,unresolved_fragment,,unattributed,requires_semantic_review
2001,19,unresolved_fragment,,unattributed,requires_semantic_review
2002,26,prose_candidate,X-0066,unattributed,requires_semantic_review
2003,34,symbolic_candidate,,unattributed,requires_semantic_review
2004,12,symbolic_candidate,,unattributed,requires_semantic_review
2005,10,unresolved_fragment,,unattributed,requires_semantic_review
2006,13,symbolic_candidate,,unattributed,requires_semantic_review
2007,14,symbolic_candidate,,unattributed,requires_semantic_review
2008,13,symbolic_candidate,,unattributed,requires_semantic_review
2009,10,unresolved_fragment,,unattributed,requires_semantic_review
2010,10,unresolved_fragment,,unattributed,requires_semantic_review
2011,8,unresolved_fragment,,unattributed,requires_semantic_review
2012,9,symbolic_candidate,,unattributed,requires_semantic_review
2013,10,symbolic_candidate,,unattributed,requires_semantic_review
2014,7,symbolic_candidate,,unattributed,requires_semantic_review
2015,12,symbolic_candidate,,unattributed,requires_semantic_review
2016,5,unresolved_fragment,,unattributed,requires_semantic_review
2017,2,unresolved_fragment,,unattributed,requires_semantic_review
2018,2,unresolved_fragment,,unattributed,requires_semantic_review
2019,10,symbolic_candidate,,unattributed,requires_semantic_review
2020,12,symbolic_candidate,,unattributed,requires_semantic_review
2021,11,symbolic_candidate,,unattributed,requires_semantic_review
2022,10,unresolved_fragment,,unattributed,requires_semantic_review
2023,15,symbolic_candidate,,unattributed,requires_semantic_review
2024,16,unresolved_fragment,,unattributed,requires_semantic_review
2025,20,symbolic_candidate,,unattributed,requires_semantic_review
2026,4,unresolved_fragment,,unattributed,requires_semantic_review
2027,6,unresolved_fragment,,unattributed,requires_semantic_review
2028,29,symbolic_candidate,,unattributed,requires_semantic_review
2029,12,symbolic_candidate,,unattributed,requires_semantic_review
2030,15,symbolic_candidate,,unattributed,requires_semantic_review
2031,7,symbolic_candidate,,unattributed,requires_semantic_review
2032,13,symbolic_candidate,,unattributed,requires_semantic_review
2033,19,symbolic_candidate,,unattributed,requires_semantic_review
2034,8,unresolved_fragment,,unattributed,requires_semantic_review
2035,8,unresolved_fragment,,unattributed,requires_semantic_review
2036,16,unresolved_fragment,,unattributed,requires_semantic_review
2037,7,unresolved_fragment,,unattributed,requires_semantic_review
2038,10,unresolved_fragment,,unattributed,requires_semantic_review
2039,10,unresolved_fragment,,unattributed,requires_semantic_review
2040,13,unresolved_fragment,,unattributed,requires_semantic_review
2041,14,symbolic_candidate,,unattributed,requires_semantic_review
2042,7,unresolved_fragment,,unattributed,requires_semantic_review
2043,15,unresolved_fragment,,unattributed,requires_semantic_review
2044,13,unresolved_fragment,,unattributed,requires_semantic_review
2045,15,symbolic_candidate,,unattributed,requires_semantic_review
2046,17,symbolic_candidate,,unattributed,requires_semantic_review
2047,13,unresolved_fragment,,unattributed,requires_semantic_review
2048,15,symbolic_candidate,,unattributed,requires_semantic_review
2049,11,symbolic_candidate,,unattributed,requires_semantic_review
2050,14,symbolic_candidate,,unattributed,requires_semantic_review
2051,7,unresolved_fragment,,unattributed,requires_semantic_review
2052,2,unresolved_fragment,,unattributed,requires_semantic_review
2053,6,unresolved_fragment,,unattributed,requires_semantic_review
2054,3,unresolved_fragment,,unattributed,requires_semantic_review
2055,13,symbolic_candidate,,unattributed,requires_semantic_review
2056,14,unresolved_fragment,,unattributed,requires_semantic_review
2057,7,unresolved_fragment,,unattributed,requires_semantic_review
2058,9,unresolved_fragment,,unattributed,requires_semantic_review
2059,12,symbolic_candidate,,unattributed,requires_semantic_review
2060,11,unresolved_fragment,,unattributed,requires_semantic_review
2061,9,unresolved_fragment,,unattributed,requires_semantic_review
2062,13,symbolic_candidate,,unattributed,requires_semantic_review
2063,4,unresolved_fragment,,unattributed,requires_semantic_review
2064,7,symbolic_candidate,,unattributed,requires_semantic_review
2065,9,unresolved_fragment,,unattributed,requires_semantic_review
2066,8,unresolved_fragment,,unattributed,requires_semantic_review
2067,9,symbolic_candidate,,unattributed,requires_semantic_review
2068,7,unresolved_fragment,,unattributed,requires_semantic_review
2069,3,unresolved_fragment,,unattributed,requires_semantic_review
2070,3,unresolved_fragment,,unattributed,requires_semantic_review
2071,1,unresolved_fragment,,unattributed,requires_semantic_review
2072,2,symbolic_candidate,,unattributed,requires_semantic_review
2073,2,symbolic_candidate,,unattributed,requires_semantic_review
2074,4,unresolved_fragment,,unattributed,requires_semantic_review
2075,4,unresolved_fragment,,unattributed,requires_semantic_review
2076,3,unresolved_fragment,,unattributed,requires_semantic_review
2077,1,unresolved_fragment,,unattributed,requires_semantic_review
2078,1,unresolved_fragment,,unattributed,requires_semantic_review
2079,2,unresolved_fragment,,unattributed,requires_semantic_review
2080,19,unresolved_fragment,,unattributed,requires_semantic_review
2081,32,symbolic_candidate,,unattributed,requires_semantic_review
2082,15,unresolved_fragment,,unattributed,requires_semantic_review
2083,16,unresolved_fragment,,unattributed,requires_semantic_review
2084,20,symbolic_candidate,,unattributed,requires_semantic_review
2085,18,symbolic_candidate,,unattributed,requires_semantic_review
2086,7,unresolved_fragment,,unattributed,requires_semantic_review
2087,7,unresolved_fragment,,unattributed,requires_semantic_review
2088,5,unresolved_fragment,,unattributed,requires_semantic_review
2089,17,symbolic_candidate,,unattributed,requires_semantic_review
2090,16,symbolic_candidate,,unattributed,requires_semantic_review
2091,20,unresolved_fragment,,unattributed,requires_semantic_review
2092,23,unresolved_fragment,,unattributed,requires_semantic_review
2093,14,symbolic_candidate,,unattributed,requires_semantic_review
2094,5,unresolved_fragment,,unattributed,requires_semantic_review
2095,6,unresolved_fragment,,unattributed,requires_semantic_review
2096,4,unresolved_fragment,,unattributed,requires_semantic_review
2097,8,unresolved_fragment,,unattributed,requires_semantic_review
2098,12,symbolic_candidate,,unattributed,requires_semantic_review
2099,15,symbolic_candidate,,unattributed,requires_semantic_review
2100,7,unresolved_fragment,,unattributed,requires_semantic_review
2101,8,unresolved_fragment,,unattributed,requires_semantic_review
2102,10,unresolved_fragment,,unattributed,requires_semantic_review
2103,23,symbolic_candidate,,unattributed,requires_semantic_review
2104,12,symbolic_candidate,,unattributed,requires_semantic_review
2105,9,symbolic_candidate,,unattributed,requires_semantic_review
2106,7,symbolic_candidate,,unattributed,requires_semantic_review
2107,13,unresolved_fragment,,unattributed,requires_semantic_review
2108,7,unresolved_fragment,,unattributed,requires_semantic_review
2109,13,symbolic_candidate,,unattributed,requires_semantic_review
2110,13,unresolved_fragment,,unattributed,requires_semantic_review
2111,11,symbolic_candidate,,unattributed,requires_semantic_review
2112,6,unresolved_fragment,,unattributed,requires_semantic_review
2113,10,symbolic_candidate,,unattributed,requires_semantic_review
2114,9,unresolved_fragment,,unattributed,requires_semantic_review
2115,15,symbolic_candidate,,unattributed,requires_semantic_review
2116,16,unresolved_fragment,,unattributed,requires_semantic_review
2117,12,symbolic_candidate,,unattributed,requires_semantic_review
2118,6,unresolved_fragment,,unattributed,requires_semantic_review
2119,6,unresolved_fragment,,unattributed,requires_semantic_review
2120,12,unresolved_fragment,,unattributed,requires_semantic_review
2121,3,unresolved_fragment,,unattributed,requires_semantic_review
2122,9,unresolved_fragment,,unattributed,requires_semantic_review
2123,5,unresolved_fragment,,unattributed,requires_semantic_review
2124,5,unresolved_fragment,,unattributed,requires_semantic_review
2125,5,unresolved_fragment,,unattributed,requires_semantic_review
2126,8,unresolved_fragment,,unattributed,requires_semantic_review
2127,8,unresolved_fragment,,unattributed,requires_semantic_review
2128,3,unresolved_fragment,,unattributed,requires_semantic_review
2129,23,symbolic_candidate,,unattributed,requires_semantic_review
2130,12,symbolic_candidate,,unattributed,requires_semantic_review
2131,6,unresolved_fragment,,unattributed,requires_semantic_review
2132,10,unresolved_fragment,,unattributed,requires_semantic_review
2133,12,symbolic_candidate,,unattributed,requires_semantic_review
2134,5,unresolved_fragment,,unattributed,requires_semantic_review
2135,15,symbolic_candidate,,unattributed,requires_semantic_review
2136,4,unresolved_fragment,,unattributed,requires_semantic_review
2137,3,unresolved_fragment,,unattributed,requires_semantic_review
2138,22,symbolic_candidate,,unattributed,requires_semantic_review
2139,16,symbolic_candidate,,unattributed,requires_semantic_review
2140,9,unresolved_fragment,,unattributed,requires_semantic_review
2141,14,symbolic_candidate,,unattributed,requires_semantic_review
2142,11,symbolic_candidate,,unattributed,requires_semantic_review
2143,17,unresolved_fragment,,unattributed,requires_semantic_review
2144,9,symbolic_candidate,,unattributed,requires_semantic_review
2145,7,symbolic_candidate,,unattributed,requires_semantic_review
2146,13,unresolved_fragment,,unattributed,requires_semantic_review
2147,15,unresolved_fragment,,unattributed,requires_semantic_review
2148,4,unresolved_fragment,,unattributed,requires_semantic_review
2149,10,symbolic_candidate,,unattributed,requires_semantic_review
2150,7,unresolved_fragment,,unattributed,requires_semantic_review
2151,10,symbolic_candidate,,unattributed,requires_semantic_review
2152,7,symbolic_candidate,,unattributed,requires_semantic_review
2153,15,unresolved_fragment,,unattributed,requires_semantic_review
2154,12,unresolved_fragment,,unattributed,requires_semantic_review
2155,8,unresolved_fragment,,unattributed,requires_semantic_review
2156,5,unresolved_fragment,,unattributed,requires_semantic_review
2157,5,symbolic_candidate,,unattributed,requires_semantic_review
2158,7,symbolic_candidate,,unattributed,requires_semantic_review
2159,6,unresolved_fragment,,unattributed,requires_semantic_review
2160,7,unresolved_fragment,,unattributed,requires_semantic_review
2161,16,unresolved_fragment,,unattributed,requires_semantic_review
2162,18,unresolved_fragment,,unattributed,requires_semantic_review
2163,16,unresolved_fragment,,unattributed,requires_semantic_review
2164,13,symbolic_candidate,,unattributed,requires_semantic_review
2165,7,unresolved_fragment,,unattributed,requires_semantic_review
2166,10,symbolic_candidate,,unattributed,requires_semantic_review
2167,12,unresolved_fragment,,unattributed,requires_semantic_review
2168,15,symbolic_candidate,,unattributed,requires_semantic_review
2169,15,unresolved_fragment,,unattributed,requires_semantic_review
2170,12,symbolic_candidate,,unattributed,requires_semantic_review
2171,12,symbolic_candidate,,unattributed,requires_semantic_review
2172,19,symbolic_candidate,,unattributed,requires_semantic_review
2173,11,unresolved_fragment,,unattributed,requires_semantic_review
2174,5,unresolved_fragment,,unattributed,requires_semantic_review
2175,5,unresolved_fragment,,unattributed,requires_semantic_review
2176,21,unresolved_fragment,,unattributed,requires_semantic_review
2177,1,unresolved_fragment,,unattributed,requires_semantic_review
2178,15,symbolic_candidate,,unattributed,requires_semantic_review
2179,17,symbolic_candidate,,unattributed,requires_semantic_review
2180,20,symbolic_candidate,,unattributed,requires_semantic_review
2181,10,unresolved_fragment,,unattributed,requires_semantic_review
2182,9,unresolved_fragment,,unattributed,requires_semantic_review
2183,11,symbolic_candidate,,unattributed,requires_semantic_review
2184,9,unresolved_fragment,,unattributed,requires_semantic_review
2185,1,unresolved_fragment,,unattributed,requires_semantic_review
2186,9,symbolic_candidate,,unattributed,requires_semantic_review
2187,1,unresolved_fragment,,unattributed,requires_semantic_review
2188,4,unresolved_fragment,,unattributed,requires_semantic_review
2189,5,unresolved_fragment,,unattributed,requires_semantic_review
2190,1,unresolved_fragment,,unattributed,requires_semantic_review
2191,4,unresolved_fragment,,unattributed,requires_semantic_review
2192,2,symbolic_candidate,,unattributed,requires_semantic_review
2193,5,unresolved_fragment,,unattributed,requires_semantic_review
2194,12,unresolved_fragment,,unattributed,requires_semantic_review
2195,16,symbolic_candidate,,unattributed,requires_semantic_review
2196,25,symbolic_candidate,,unattributed,requires_semantic_review
2197,10,unresolved_fragment,,unattributed,requires_semantic_review
2198,19,symbolic_candidate,,unattributed,requires_semantic_review
2199,14,unresolved_fragment,,unattributed,requires_semantic_review
2200,15,unresolved_fragment,,unattributed,requires_semantic_review
2201,18,unresolved_fragment,,unattributed,requires_semantic_review
2202,5,unresolved_fragment,,unattributed,requires_semantic_review
2203,11,unresolved_fragment,,unattributed,requires_semantic_review
2204,13,unresolved_fragment,,unattributed,requires_semantic_review
2205,13,unresolved_fragment,,unattributed,requires_semantic_review
2206,5,unresolved_fragment,,unattributed,requires_semantic_review
2207,3,unresolved_fragment,,unattributed,requires_semantic_review
2208,33,prose_candidate,X-0067,unattributed,requires_semantic_review
2209,1,structural,,unattributed,classified
2210,3,unresolved_fragment,,unattributed,requires_semantic_review
2211,12,unresolved_fragment,,unattributed,requires_semantic_review
2212,6,unresolved_fragment,,unattributed,requires_semantic_review
2213,25,unresolved_fragment,,unattributed,requires_semantic_review
2214,15,unresolved_fragment,,unattributed,requires_semantic_review
2215,15,symbolic_candidate,,unattributed,requires_semantic_review
2216,9,symbolic_candidate,,unattributed,requires_semantic_review
2217,17,symbolic_candidate,,unattributed,requires_semantic_review
2218,13,symbolic_candidate,,unattributed,requires_semantic_review
2219,14,unresolved_fragment,,unattributed,requires_semantic_review
2220,20,unresolved_fragment,,unattributed,requires_semantic_review
2221,18,symbolic_candidate,,unattributed,requires_semantic_review
2222,13,symbolic_candidate,,unattributed,requires_semantic_review
2223,7,unresolved_fragment,,unattributed,requires_semantic_review
2224,8,unresolved_fragment,,unattributed,requires_semantic_review
2225,12,symbolic_candidate,,unattributed,requires_semantic_review
2226,13,symbolic_candidate,,unattributed,requires_semantic_review
2227,15,symbolic_candidate,,unattributed,requires_semantic_review
2228,11,unresolved_fragment,,unattributed,requires_semantic_review
2229,19,symbolic_candidate,,unattributed,requires_semantic_review
2230,11,unresolved_fragment,,unattributed,requires_semantic_review
2231,15,symbolic_candidate,,unattributed,requires_semantic_review
2232,21,symbolic_candidate,,unattributed,requires_semantic_review
2233,9,symbolic_candidate,,unattributed,requires_semantic_review
2234,14,symbolic_candidate,,unattributed,requires_semantic_review
2235,14,symbolic_candidate,,unattributed,requires_semantic_review
2236,11,unresolved_fragment,,unattributed,requires_semantic_review
2237,13,unresolved_fragment,,unattributed,requires_semantic_review
2238,10,unresolved_fragment,,unattributed,requires_semantic_review
2239,14,unresolved_fragment,,unattributed,requires_semantic_review
2240,11,unresolved_fragment,,unattributed,requires_semantic_review
2241,19,symbolic_candidate,,unattributed,requires_semantic_review
2242,14,unresolved_fragment,,unattributed,requires_semantic_review
2243,3,unresolved_fragment,,unattributed,requires_semantic_review
2244,6,symbolic_candidate,,unattributed,requires_semantic_review
2245,15,symbolic_candidate,,unattributed,requires_semantic_review
2246,15,symbolic_candidate,,unattributed,requires_semantic_review
2247,15,unresolved_fragment,,unattributed,requires_semantic_review
2248,18,unresolved_fragment,,unattributed,requires_semantic_review
2249,8,symbolic_candidate,,unattributed,requires_semantic_review
2250,14,symbolic_candidate,,unattributed,requires_semantic_review
2251,14,symbolic_candidate,,unattributed,requires_semantic_review
2252,15,symbolic_candidate,,unattributed,requires_semantic_review
2253,15,unresolved_fragment,,unattributed,requires_semantic_review
2254,17,unresolved_fragment,,unattributed,requires_semantic_review
2255,11,symbolic_candidate,,unattributed,requires_semantic_review
2256,15,symbolic_candidate,,unattributed,requires_semantic_review
2257,16,symbolic_candidate,,unattributed,requires_semantic_review
2258,9,symbolic_candidate,,unattributed,requires_semantic_review
2259,18,unresolved_fragment,,unattributed,requires_semantic_review
2260,13,unresolved_fragment,,unattributed,requires_semantic_review
2261,14,symbolic_candidate,,unattributed,requires_semantic_review
2262,11,unresolved_fragment,,unattributed,requires_semantic_review
2263,12,unresolved_fragment,,unattributed,requires_semantic_review
2264,15,unresolved_fragment,,unattributed,requires_semantic_review
2265,14,unresolved_fragment,,unattributed,requires_semantic_review
2266,13,symbolic_candidate,,unattributed,requires_semantic_review
2267,22,symbolic_candidate,,unattributed,requires_semantic_review
2268,7,unresolved_fragment,,unattributed,requires_semantic_review
2269,9,unresolved_fragment,,unattributed,requires_semantic_review
2270,10,symbolic_candidate,,unattributed,requires_semantic_review
2271,17,unresolved_fragment,,unattributed,requires_semantic_review
2272,9,unresolved_fragment,,unattributed,requires_semantic_review
2273,11,unresolved_fragment,,unattributed,requires_semantic_review
2274,15,symbolic_candidate,,unattributed,requires_semantic_review
2275,13,symbolic_candidate,,unattributed,requires_semantic_review
2276,37,symbolic_candidate,,unattributed,requires_semantic_review
2277,2,unresolved_fragment,,unattributed,requires_semantic_review
2278,11,symbolic_candidate,,unattributed,requires_semantic_review
2279,9,unresolved_fragment,,unattributed,requires_semantic_review
2280,17,unresolved_fragment,,unattributed,requires_semantic_review
2281,22,symbolic_candidate,,unattributed,requires_semantic_review
2282,14,unresolved_fragment,,unattributed,requires_semantic_review
2283,5,unresolved_fragment,,unattributed,requires_semantic_review
2284,7,unresolved_fragment,,unattributed,requires_semantic_review
2285,11,unresolved_fragment,,unattributed,requires_semantic_review
2286,6,unresolved_fragment,,unattributed,requires_semantic_review
2287,6,unresolved_fragment,,unattributed,requires_semantic_review
2288,10,symbolic_candidate,,unattributed,requires_semantic_review
2289,18,symbolic_candidate,,unattributed,requires_semantic_review
2290,8,unresolved_fragment,,unattributed,requires_semantic_review
2291,9,symbolic_candidate,,unattributed,requires_semantic_review
2292,13,unresolved_fragment,,unattributed,requires_semantic_review
2293,16,symbolic_candidate,,unattributed,requires_semantic_review
2294,13,symbolic_candidate,,unattributed,requires_semantic_review
2295,11,symbolic_candidate,,unattributed,requires_semantic_review
2296,11,symbolic_candidate,,unattributed,requires_semantic_review
2297,5,unresolved_fragment,,unattributed,requires_semantic_review
2298,11,symbolic_candidate,,unattributed,requires_semantic_review
2299,13,symbolic_candidate,,unattributed,requires_semantic_review
2300,32,prose_candidate,X-0068,unattributed,requires_semantic_review
2301,17,symbolic_candidate,,unattributed,requires_semantic_review
2302,9,unresolved_fragment,,unattributed,requires_semantic_review
2303,9,unresolved_fragment,,unattributed,requires_semantic_review
2304,15,symbolic_candidate,,unattributed,requires_semantic_review
2305,12,symbolic_candidate,,unattributed,requires_semantic_review
2306,8,unresolved_fragment,,unattributed,requires_semantic_review
2307,9,unresolved_fragment,,unattributed,requires_semantic_review
2308,8,unresolved_fragment,,unattributed,requires_semantic_review
2309,4,unresolved_fragment,,unattributed,requires_semantic_review
2310,2,unresolved_fragment,,unattributed,requires_semantic_review
2311,7,symbolic_candidate,,unattributed,requires_semantic_review
2312,20,symbolic_candidate,,unattributed,requires_semantic_review
2313,7,unresolved_fragment,,unattributed,requires_semantic_review
2314,6,unresolved_fragment,,unattributed,requires_semantic_review
2315,7,unresolved_fragment,,unattributed,requires_semantic_review
2316,7,unresolved_fragment,,unattributed,requires_semantic_review
2317,15,symbolic_candidate,,unattributed,requires_semantic_review
2318,11,unresolved_fragment,,unattributed,requires_semantic_review
2319,12,unresolved_fragment,,unattributed,requires_semantic_review
2320,12,unresolved_fragment,,unattributed,requires_semantic_review
2321,10,unresolved_fragment,,unattributed,requires_semantic_review
2322,8,unresolved_fragment,,unattributed,requires_semantic_review
2323,9,unresolved_fragment,,unattributed,requires_semantic_review
2324,15,unresolved_fragment,,unattributed,requires_semantic_review
2325,16,unresolved_fragment,,unattributed,requires_semantic_review
2326,16,unresolved_fragment,,unattributed,requires_semantic_review
2327,23,unresolved_fragment,,unattributed,requires_semantic_review
2328,10,unresolved_fragment,,unattributed,requires_semantic_review
2329,7,unresolved_fragment,,unattributed,requires_semantic_review
2330,21,symbolic_candidate,,unattributed,requires_semantic_review
2331,8,symbolic_candidate,,unattributed,requires_semantic_review
2332,7,unresolved_fragment,,unattributed,requires_semantic_review
2333,6,unresolved_fragment,,unattributed,requires_semantic_review
2334,11,symbolic_candidate,,unattributed,requires_semantic_review
2335,15,symbolic_candidate,,unattributed,requires_semantic_review
2336,16,symbolic_candidate,,unattributed,requires_semantic_review
2337,20,unresolved_fragment,,unattributed,requires_semantic_review
2338,15,unresolved_fragment,,unattributed,requires_semantic_review
2339,21,unresolved_fragment,,unattributed,requires_semantic_review
2340,9,unresolved_fragment,,unattributed,requires_semantic_review
2341,15,symbolic_candidate,,unattributed,requires_semantic_review
2342,10,symbolic_candidate,,unattributed,requires_semantic_review
2343,15,unresolved_fragment,,unattributed,requires_semantic_review
2344,12,unresolved_fragment,,unattributed,requires_semantic_review
2345,3,unresolved_fragment,,unattributed,requires_semantic_review
2346,11,unresolved_fragment,,unattributed,requires_semantic_review
2347,11,symbolic_candidate,,unattributed,requires_semantic_review
2348,5,unresolved_fragment,,unattributed,requires_semantic_review
2349,30,prose_candidate,X-0069,unattributed,requires_semantic_review
2350,29,symbolic_candidate,,unattributed,requires_semantic_review
2351,21,symbolic_candidate,,unattributed,requires_semantic_review
2352,24,symbolic_candidate,,unattributed,requires_semantic_review
2353,13,unresolved_fragment,,unattributed,requires_semantic_review
2354,13,unresolved_fragment,,unattributed,requires_semantic_review
2355,10,symbolic_candidate,,unattributed,requires_semantic_review
2356,7,unresolved_fragment,,unattributed,requires_semantic_review
2357,90,unresolved_fragment,,unattributed,requires_semantic_review
2358,16,symbolic_candidate,,unattributed,requires_semantic_review
2359,43,symbolic_candidate,,unattributed,requires_semantic_review
2360,34,symbolic_candidate,,unattributed,requires_semantic_review
2361,25,prose_candidate,X-0070,unattributed,requires_semantic_review
2362,3,unresolved_fragment,,unattributed,requires_semantic_review
2363,5,unresolved_fragment,,unattributed,requires_semantic_review
2364,4,unresolved_fragment,,unattributed,requires_semantic_review
2365,17,symbolic_candidate,,unattributed,requires_semantic_review
2366,20,unresolved_fragment,,unattributed,requires_semantic_review
2367,75,prose_candidate,X-0071,unattributed,requires_semantic_review
2368,78,prose_candidate,X-0072,unattributed,requires_semantic_review
2369,3,unresolved_fragment,,unattributed,requires_semantic_review
2370,18,symbolic_candidate,,unattributed,requires_semantic_review
2371,16,symbolic_candidate,,unattributed,requires_semantic_review
2372,10,symbolic_candidate,,unattributed,requires_semantic_review
2373,26,symbolic_candidate,,unattributed,requires_semantic_review
2374,25,symbolic_candidate,,unattributed,requires_semantic_review
2375,16,unresolved_fragment,,unattributed,requires_semantic_review
2376,9,unresolved_fragment,,unattributed,requires_semantic_review
2377,27,prose_candidate,X-0073,unattributed,requires_semantic_review
2378,1,unresolved_fragment,,unattributed,requires_semantic_review
2379,10,unresolved_fragment,,unattributed,requires_semantic_review
2380,19,symbolic_candidate,,unattributed,requires_semantic_review
2381,8,unresolved_fragment,,unattributed,requires_semantic_review
2382,6,unresolved_fragment,,unattributed,requires_semantic_review
2383,12,unresolved_fragment,,unattributed,requires_semantic_review
2384,5,unresolved_fragment,,unattributed,requires_semantic_review
2385,9,unresolved_fragment,,unattributed,requires_semantic_review
2386,7,unresolved_fragment,,unattributed,requires_semantic_review
2387,9,unresolved_fragment,,unattributed,requires_semantic_review
2388,16,unresolved_fragment,,unattributed,requires_semantic_review
2389,72,prose_candidate,X-0074,unattributed,requires_semantic_review
2390,60,prose_candidate,X-0075,unattributed,requires_semantic_review
2391,9,structural,,unattributed,classified
2392,23,symbolic_candidate,,unattributed,requires_semantic_review
2393,24,symbolic_candidate,,unattributed,requires_semantic_review
2394,69,prose_candidate,X-0076,unattributed,requires_semantic_review
2395,40,symbolic_candidate,,unattributed,requires_semantic_review
2396,23,symbolic_candidate,,unattributed,requires_semantic_review
2397,71,prose_candidate,X-0077,unattributed,requires_semantic_review
2398,29,symbolic_candidate,,unattributed,requires_semantic_review
2399,16,unresolved_fragment,,unattributed,requires_semantic_review
2400,19,unresolved_fragment,,unattributed,requires_semantic_review
2401,17,symbolic_candidate,,unattributed,requires_semantic_review
2402,34,symbolic_candidate,,unattributed,requires_semantic_review
2403,67,prose_candidate,X-0078,unattributed,requires_semantic_review
2404,39,symbolic_candidate,,unattributed,requires_semantic_review
2405,72,prose_candidate,X-0079,unattributed,requires_semantic_review
2406,37,symbolic_candidate,,unattributed,requires_semantic_review
2407,15,symbolic_candidate,,unattributed,requires_semantic_review
2408,29,prose_candidate,X-0080,unattributed,requires_semantic_review
2409,33,symbolic_candidate,,unattributed,requires_semantic_review
2410,39,symbolic_candidate,,unattributed,requires_semantic_review
2411,42,prose_candidate,X-0081,unattributed,requires_semantic_review
2412,39,symbolic_candidate,,unattributed,requires_semantic_review
2413,24,symbolic_candidate,,unattributed,requires_semantic_review
2414,56,prose_candidate,X-0082,unattributed,requires_semantic_review
2415,44,symbolic_candidate,,unattributed,requires_semantic_review
2416,23,symbolic_candidate,,unattributed,requires_semantic_review
2417,11,unresolved_fragment,,unattributed,requires_semantic_review
2418,22,symbolic_candidate,,unattributed,requires_semantic_review
2419,42,prose_candidate,X-0083,unattributed,requires_semantic_review
2420,74,prose_candidate,X-0084,unattributed,requires_semantic_review
2421,22,symbolic_candidate,,unattributed,requires_semantic_review
2422,40,symbolic_candidate,,unattributed,requires_semantic_review
2423,27,symbolic_candidate,,unattributed,requires_semantic_review
2424,17,symbolic_candidate,,unattributed,requires_semantic_review
2425,23,unresolved_fragment,,unattributed,requires_semantic_review
2426,25,symbolic_candidate,,unattributed,requires_semantic_review
2427,12,unresolved_fragment,,unattributed,requires_semantic_review
2428,46,prose_candidate,X-0085,unattributed,requires_semantic_review
2429,8,unresolved_fragment,,unattributed,requires_semantic_review
2430,21,symbolic_candidate,,unattributed,requires_semantic_review
2431,39,symbolic_candidate,,unattributed,requires_semantic_review
2432,73,prose_candidate,X-0086,unattributed,requires_semantic_review
2433,47,prose_candidate,X-0087,unattributed,requires_semantic_review
2434,56,prose_candidate,X-0088,dialogue_turn_unattributed,requires_semantic_review
2435,11,unresolved_fragment,,unattributed,requires_semantic_review
2436,25,symbolic_candidate,,unattributed,requires_semantic_review
2437,40,prose_candidate,X-0089,unattributed,requires_semantic_review
2438,12,symbolic_candidate,,unattributed,requires_semantic_review
2439,62,prose_candidate,X-0090,unattributed,requires_semantic_review
2440,18,unresolved_fragment,,unattributed,requires_semantic_review
2441,34,symbolic_candidate,,unattributed,requires_semantic_review
2442,28,unresolved_fragment,,unattributed,requires_semantic_review
2443,52,unresolved_fragment,,unattributed,requires_semantic_review
2444,21,unresolved_fragment,,unattributed,requires_semantic_review
2445,77,unresolved_fragment,,unattributed,requires_semantic_review
2446,15,symbolic_candidate,,unattributed,requires_semantic_review
2447,53,prose_candidate,X-0091,dialogue_turn_unattributed,requires_semantic_review
2448,51,prose_candidate,X-0092,unattributed,requires_semantic_review
2449,71,prose_candidate,X-0093,dialogue_turn_unattributed,requires_semantic_review
2450,6,unresolved_fragment,,unattributed,requires_semantic_review
2451,11,unresolved_fragment,,unattributed,requires_semantic_review
2452,57,unresolved_fragment,,unattributed,requires_semantic_review
2453,23,unresolved_fragment,,unattributed,requires_semantic_review
2454,46,prose_candidate,X-0094,unattributed,requires_semantic_review
2455,43,prose_candidate,X-0095,unattributed,requires_semantic_review
2456,77,prose_candidate,X-0096,dialogue_turn_unattributed,requires_semantic_review
2457,42,symbolic_candidate,,unattributed,requires_semantic_review
2458,60,prose_candidate,X-0097,unattributed,requires_semantic_review
2459,14,unresolved_fragment,,unattributed,requires_semantic_review
2460,20,symbolic_candidate,,unattributed,requires_semantic_review
2461,40,prose_candidate,X-0098,unattributed,requires_semantic_review
2462,28,prose_candidate,X-0099,dialogue_turn_unattributed,requires_semantic_review
2463,12,unresolved_fragment,,unattributed,requires_semantic_review
2464,17,unresolved_fragment,,unattributed,requires_semantic_review
2465,33,symbolic_candidate,,unattributed,requires_semantic_review
2466,23,symbolic_candidate,,unattributed,requires_semantic_review
2467,74,prose_candidate,X-0100,dialogue_turn_unattributed,requires_semantic_review
2468,19,symbolic_candidate,,unattributed,requires_semantic_review
2469,76,prose_candidate,X-0101,unattributed,requires_semantic_review
2470,19,symbolic_candidate,,unattributed,requires_semantic_review
2471,61,prose_candidate,X-0102,unattributed,requires_semantic_review
2472,78,prose_candidate,X-0103,unattributed,requires_semantic_review
2473,70,prose_candidate,X-0104,unattributed,requires_semantic_review
2474,15,symbolic_candidate,,unattributed,requires_semantic_review
2475,17,symbolic_candidate,,unattributed,requires_semantic_review
2476,65,prose_candidate,X-0105,unattributed,requires_semantic_review
2477,54,prose_candidate,X-0106,dialogue_turn_unattributed,requires_semantic_review
2478,72,prose_candidate,X-0107,unattributed,requires_semantic_review
2479,11,unresolved_fragment,,unattributed,requires_semantic_review
2480,64,prose_candidate,X-0108,unattributed,requires_semantic_review
2481,25,symbolic_candidate,,unattributed,requires_semantic_review
2482,17,symbolic_candidate,,unattributed,requires_semantic_review
2483,33,symbolic_candidate,,unattributed,requires_semantic_review
2484,69,prose_candidate,X-0109,unattributed,requires_semantic_review
2485,37,unresolved_fragment,,unattributed,requires_semantic_review
2486,11,unresolved_fragment,,unattributed,requires_semantic_review
2487,35,unresolved_fragment,,unattributed,requires_semantic_review
2488,74,prose_candidate,X-0110,unattributed,requires_semantic_review
2489,74,prose_candidate,X-0111,unattributed,requires_semantic_review
2490,74,prose_candidate,X-0112,unattributed,requires_semantic_review
2491,34,symbolic_candidate,,unattributed,requires_semantic_review
2492,19,symbolic_candidate,,unattributed,requires_semantic_review
2493,16,symbolic_candidate,,unattributed,requires_semantic_review
2494,19,unresolved_fragment,,unattributed,requires_semantic_review
2495,19,unresolved_fragment,,unattributed,requires_semantic_review
2496,39,prose_candidate,X-0113,dialogue_turn_unattributed,requires_semantic_review
2497,73,prose_candidate,X-0114,unattributed,requires_semantic_review
2498,11,unresolved_fragment,,unattributed,requires_semantic_review
2499,13,unresolved_fragment,,unattributed,requires_semantic_review
2500,38,prose_candidate,X-0115,dialogue_turn_unattributed,requires_semantic_review
2501,43,symbolic_candidate,,unattributed,requires_semantic_review
2502,58,prose_candidate,X-0116,dialogue_turn_unattributed,requires_semantic_review
2503,29,prose_candidate,X-0117,unattributed,requires_semantic_review
2504,10,unresolved_fragment,,unattributed,requires_semantic_review
2505,7,unresolved_fragment,,unattributed,requires_semantic_review
2506,11,symbolic_candidate,,unattributed,requires_semantic_review
2507,2,unresolved_fragment,,unattributed,requires_semantic_review
2508,9,symbolic_candidate,,unattributed,requires_semantic_review
2509,15,symbolic_candidate,,unattributed,requires_semantic_review
2510,13,symbolic_candidate,,unattributed,requires_semantic_review
2511,14,unresolved_fragment,,unattributed,requires_semantic_review
2512,4,unresolved_fragment,,unattributed,requires_semantic_review
2513,31,prose_candidate,X-0118,unattributed,requires_semantic_review
2514,11,symbolic_candidate,,unattributed,requires_semantic_review
2515,14,symbolic_candidate,,unattributed,requires_semantic_review
2516,11,unresolved_fragment,,unattributed,requires_semantic_review
2517,34,symbolic_candidate,,unattributed,requires_semantic_review
2518,17,unresolved_fragment,,unattributed,requires_semantic_review
2519,6,unresolved_fragment,,unattributed,requires_semantic_review
2520,10,unresolved_fragment,,unattributed,requires_semantic_review
2521,8,unresolved_fragment,,unattributed,requires_semantic_review
2522,16,symbolic_candidate,,unattributed,requires_semantic_review
2523,8,unresolved_fragment,,unattributed,requires_semantic_review
2524,32,prose_candidate,X-0119,unattributed,requires_semantic_review
2525,11,unresolved_fragment,,unattributed,requires_semantic_review
2526,6,unresolved_fragment,,unattributed,requires_semantic_review
2527,8,unresolved_fragment,,unattributed,requires_semantic_review
2528,6,unresolved_fragment,,unattributed,requires_semantic_review
2529,8,unresolved_fragment,,unattributed,requires_semantic_review
2530,5,unresolved_fragment,,unattributed,requires_semantic_review
2531,5,unresolved_fragment,,unattributed,requires_semantic_review
2532,2,unresolved_fragment,,unattributed,requires_semantic_review
2533,5,unresolved_fragment,,unattributed,requires_semantic_review
2534,8,unresolved_fragment,,unattributed,requires_semantic_review
2535,11,unresolved_fragment,,unattributed,requires_semantic_review
2536,16,unresolved_fragment,,unattributed,requires_semantic_review
2537,13,symbolic_candidate,,unattributed,requires_semantic_review
2538,6,unresolved_fragment,,unattributed,requires_semantic_review
2539,6,unresolved_fragment,,unattributed,requires_semantic_review
2540,6,unresolved_fragment,,unattributed,requires_semantic_review
2541,8,unresolved_fragment,,unattributed,requires_semantic_review
2542,6,unresolved_fragment,,unattributed,requires_semantic_review
2543,9,unresolved_fragment,,unattributed,requires_semantic_review
2544,7,unresolved_fragment,,unattributed,requires_semantic_review
2545,8,unresolved_fragment,,unattributed,requires_semantic_review
2546,13,unresolved_fragment,,unattributed,requires_semantic_review
2547,12,unresolved_fragment,,unattributed,requires_semantic_review
2548,13,symbolic_candidate,,unattributed,requires_semantic_review
2549,19,unresolved_fragment,,unattributed,requires_semantic_review
2550,9,unresolved_fragment,,unattributed,requires_semantic_review
2551,11,unresolved_fragment,,unattributed,requires_semantic_review
2552,5,symbolic_candidate,,unattributed,requires_semantic_review
2553,10,symbolic_candidate,,unattributed,requires_semantic_review
2554,22,symbolic_candidate,,unattributed,requires_semantic_review
2555,9,symbolic_candidate,,unattributed,requires_semantic_review
2556,13,symbolic_candidate,,unattributed,requires_semantic_review
2557,17,symbolic_candidate,,unattributed,requires_semantic_review
2558,19,symbolic_candidate,,unattributed,requires_semantic_review
2559,8,symbolic_candidate,,unattributed,requires_semantic_review
2560,31,symbolic_candidate,,unattributed,requires_semantic_review
2561,14,symbolic_candidate,,unattributed,requires_semantic_review
2562,11,unresolved_fragment,,unattributed,requires_semantic_review
2563,16,symbolic_candidate,,unattributed,requires_semantic_review
2564,17,symbolic_candidate,,unattributed,requires_semantic_review
2565,16,symbolic_candidate,,unattributed,requires_semantic_review
2566,12,unresolved_fragment,,unattributed,requires_semantic_review
2567,16,unresolved_fragment,,unattributed,requires_semantic_review
2568,24,symbolic_candidate,,unattributed,requires_semantic_review
2569,18,symbolic_candidate,,unattributed,requires_semantic_review
2570,14,symbolic_candidate,,unattributed,requires_semantic_review
2571,11,symbolic_candidate,,unattributed,requires_semantic_review
2572,9,symbolic_candidate,,unattributed,requires_semantic_review
2573,21,symbolic_candidate,,unattributed,requires_semantic_review
2574,21,symbolic_candidate,,unattributed,requires_semantic_review
2575,20,symbolic_candidate,,unattributed,requires_semantic_review
2576,23,symbolic_candidate,,unattributed,requires_semantic_review
2577,20,symbolic_candidate,,unattributed,requires_semantic_review
2578,24,symbolic_candidate,,unattributed,requires_semantic_review
2579,24,symbolic_candidate,,unattributed,requires_semantic_review
2580,27,symbolic_candidate,,unattributed,requires_semantic_review
2581,11,symbolic_candidate,,unattributed,requires_semantic_review
2582,12,unresolved_fragment,,unattributed,requires_semantic_review
2583,13,symbolic_candidate,,unattributed,requires_semantic_review
2584,15,symbolic_candidate,,unattributed,requires_semantic_review
2585,11,symbolic_candidate,,unattributed,requires_semantic_review
2586,10,symbolic_candidate,,unattributed,requires_semantic_review
2587,10,unresolved_fragment,,unattributed,requires_semantic_review
2588,10,symbolic_candidate,,unattributed,requires_semantic_review
2589,12,unresolved_fragment,,unattributed,requires_semantic_review
2590,15,unresolved_fragment,,unattributed,requires_semantic_review
2591,16,symbolic_candidate,,unattributed,requires_semantic_review
2592,8,unresolved_fragment,,unattributed,requires_semantic_review
2593,12,symbolic_candidate,,unattributed,requires_semantic_review
2594,7,symbolic_candidate,,unattributed,requires_semantic_review
2595,12,symbolic_candidate,,unattributed,requires_semantic_review
2596,11,symbolic_candidate,,unattributed,requires_semantic_review
2597,11,symbolic_candidate,,unattributed,requires_semantic_review
2598,7,symbolic_candidate,,unattributed,requires_semantic_review
2599,11,symbolic_candidate,,unattributed,requires_semantic_review
2600,23,symbolic_candidate,,unattributed,requires_semantic_review
2601,11,unresolved_fragment,,unattributed,requires_semantic_review
2602,16,symbolic_candidate,,unattributed,requires_semantic_review
2603,15,symbolic_candidate,,unattributed,requires_semantic_review
2604,14,symbolic_candidate,,unattributed,requires_semantic_review
2605,14,unresolved_fragment,,unattributed,requires_semantic_review
2606,15,symbolic_candidate,,unattributed,requires_semantic_review
2607,14,symbolic_candidate,,unattributed,requires_semantic_review
2608,18,unresolved_fragment,,unattributed,requires_semantic_review
2609,7,unresolved_fragment,,unattributed,requires_semantic_review
2610,9,unresolved_fragment,,unattributed,requires_semantic_review
2611,7,unresolved_fragment,,unattributed,requires_semantic_review
2612,7,unresolved_fragment,,unattributed,requires_semantic_review
2613,44,unresolved_fragment,,unattributed,requires_semantic_review
2614,7,unresolved_fragment,,unattributed,requires_semantic_review
2615,6,unresolved_fragment,,unattributed,requires_semantic_review
2616,11,unresolved_fragment,,unattributed,requires_semantic_review
2617,18,unresolved_fragment,,unattributed,requires_semantic_review
2618,7,symbolic_candidate,,unattributed,requires_semantic_review
2619,11,symbolic_candidate,,unattributed,requires_semantic_review
2620,9,symbolic_candidate,,unattributed,requires_semantic_review
2621,23,unresolved_fragment,,unattributed,requires_semantic_review
2622,9,unresolved_fragment,,unattributed,requires_semantic_review
2623,15,unresolved_fragment,,unattributed,requires_semantic_review
2624,8,unresolved_fragment,,unattributed,requires_semantic_review
2625,15,unresolved_fragment,,unattributed,requires_semantic_review
2626,21,symbolic_candidate,,unattributed,requires_semantic_review
2627,19,unresolved_fragment,,unattributed,requires_semantic_review
2628,14,unresolved_fragment,,unattributed,requires_semantic_review
2629,13,symbolic_candidate,,unattributed,requires_semantic_review
2630,8,unresolved_fragment,,unattributed,requires_semantic_review
2631,15,symbolic_candidate,,unattributed,requires_semantic_review
2632,4,unresolved_fragment,,unattributed,requires_semantic_review
2633,5,unresolved_fragment,,unattributed,requires_semantic_review
2634,5,unresolved_fragment,,unattributed,requires_semantic_review
2635,6,unresolved_fragment,,unattributed,requires_semantic_review
2636,9,unresolved_fragment,,unattributed,requires_semantic_review
2637,11,unresolved_fragment,,unattributed,requires_semantic_review
2638,4,unresolved_fragment,,unattributed,requires_semantic_review
2639,11,unresolved_fragment,,unattributed,requires_semantic_review
2640,11,unresolved_fragment,,unattributed,requires_semantic_review
2641,8,unresolved_fragment,,unattributed,requires_semantic_review
2642,10,unresolved_fragment,,unattributed,requires_semantic_review
2643,7,unresolved_fragment,,unattributed,requires_semantic_review
2644,30,symbolic_candidate,,unattributed,requires_semantic_review
2645,8,unresolved_fragment,,unattributed,requires_semantic_review
2646,7,unresolved_fragment,,unattributed,requires_semantic_review
2647,8,unresolved_fragment,,unattributed,requires_semantic_review
2648,12,symbolic_candidate,,unattributed,requires_semantic_review
2649,12,symbolic_candidate,,unattributed,requires_semantic_review
2650,8,symbolic_candidate,,unattributed,requires_semantic_review
2651,7,unresolved_fragment,,unattributed,requires_semantic_review
2652,14,unresolved_fragment,,unattributed,requires_semantic_review
2653,13,unresolved_fragment,,unattributed,requires_semantic_review
2654,13,symbolic_candidate,,unattributed,requires_semantic_review
2655,11,unresolved_fragment,,unattributed,requires_semantic_review
2656,11,unresolved_fragment,,unattributed,requires_semantic_review
2657,20,symbolic_candidate,,unattributed,requires_semantic_review
2658,7,symbolic_candidate,,unattributed,requires_semantic_review
2659,5,symbolic_candidate,,unattributed,requires_semantic_review
2660,8,unresolved_fragment,,unattributed,requires_semantic_review
2661,17,symbolic_candidate,,unattributed,requires_semantic_review
2662,12,unresolved_fragment,,unattributed,requires_semantic_review
2663,7,unresolved_fragment,,unattributed,requires_semantic_review
2664,5,unresolved_fragment,,unattributed,requires_semantic_review
2665,5,unresolved_fragment,,unattributed,requires_semantic_review
2666,8,unresolved_fragment,,unattributed,requires_semantic_review
2667,39,unresolved_fragment,,unattributed,requires_semantic_review
2668,13,unresolved_fragment,,unattributed,requires_semantic_review
2669,65,unresolved_fragment,,unattributed,requires_semantic_review
2670,12,unresolved_fragment,,unattributed,requires_semantic_review
2671,9,symbolic_candidate,,unattributed,requires_semantic_review
2672,18,symbolic_candidate,,unattributed,requires_semantic_review
2673,13,unresolved_fragment,,unattributed,requires_semantic_review
2674,10,unresolved_fragment,,unattributed,requires_semantic_review
2675,12,unresolved_fragment,,unattributed,requires_semantic_review
2676,12,symbolic_candidate,,unattributed,requires_semantic_review
2677,9,unresolved_fragment,,unattributed,requires_semantic_review
2678,10,symbolic_candidate,,unattributed,requires_semantic_review
2679,12,symbolic_candidate,,unattributed,requires_semantic_review
2680,14,unresolved_fragment,,unattributed,requires_semantic_review
2681,23,unresolved_fragment,,unattributed,requires_semantic_review
2682,5,unresolved_fragment,,unattributed,requires_semantic_review
2683,4,unresolved_fragment,,unattributed,requires_semantic_review
2684,7,symbolic_candidate,,unattributed,requires_semantic_review
2685,5,unresolved_fragment,,unattributed,requires_semantic_review
2686,9,symbolic_candidate,,unattributed,requires_semantic_review
2687,4,unresolved_fragment,,unattributed,requires_semantic_review
2688,5,unresolved_fragment,,unattributed,requires_semantic_review
2689,6,symbolic_candidate,,unattributed,requires_semantic_review
2690,17,symbolic_candidate,,unattributed,requires_semantic_review
2691,16,symbolic_candidate,,unattributed,requires_semantic_review
2692,13,symbolic_candidate,,unattributed,requires_semantic_review
2693,9,unresolved_fragment,,unattributed,requires_semantic_review
2694,6,unresolved_fragment,,unattributed,requires_semantic_review
2695,10,symbolic_candidate,,unattributed,requires_semantic_review
2696,7,unresolved_fragment,,unattributed,requires_semantic_review
2697,11,unresolved_fragment,,unattributed,requires_semantic_review
2698,12,symbolic_candidate,,unattributed,requires_semantic_review
2699,16,symbolic_candidate,,unattributed,requires_semantic_review
2700,12,symbolic_candidate,,unattributed,requires_semantic_review
2701,12,symbolic_candidate,,unattributed,requires_semantic_review
2702,8,symbolic_candidate,,unattributed,requires_semantic_review
2703,2,unresolved_fragment,,unattributed,requires_semantic_review
2704,9,symbolic_candidate,,unattributed,requires_semantic_review
2705,8,unresolved_fragment,,unattributed,requires_semantic_review
2706,16,symbolic_candidate,,unattributed,requires_semantic_review
2707,17,symbolic_candidate,,unattributed,requires_semantic_review
2708,9,symbolic_candidate,,unattributed,requires_semantic_review
2709,9,symbolic_candidate,,unattributed,requires_semantic_review
2710,8,symbolic_candidate,,unattributed,requires_semantic_review
2711,9,symbolic_candidate,,unattributed,requires_semantic_review
2712,11,unresolved_fragment,,unattributed,requires_semantic_review
2713,4,unresolved_fragment,,unattributed,requires_semantic_review
2714,5,unresolved_fragment,,unattributed,requires_semantic_review
2715,4,unresolved_fragment,,unattributed,requires_semantic_review
2716,15,symbolic_candidate,,unattributed,requires_semantic_review
2717,16,unresolved_fragment,,unattributed,requires_semantic_review
2718,11,symbolic_candidate,,unattributed,requires_semantic_review
2719,18,unresolved_fragment,,unattributed,requires_semantic_review
2720,7,unresolved_fragment,,unattributed,requires_semantic_review
2721,8,symbolic_candidate,,unattributed,requires_semantic_review
2722,11,unresolved_fragment,,unattributed,requires_semantic_review
2723,20,symbolic_candidate,,unattributed,requires_semantic_review
2724,10,unresolved_fragment,,unattributed,requires_semantic_review
2725,10,symbolic_candidate,,unattributed,requires_semantic_review
2726,10,unresolved_fragment,,unattributed,requires_semantic_review
2727,13,unresolved_fragment,,unattributed,requires_semantic_review
2728,17,symbolic_candidate,,unattributed,requires_semantic_review
2729,9,symbolic_candidate,,unattributed,requires_semantic_review
2730,14,symbolic_candidate,,unattributed,requires_semantic_review
2731,19,symbolic_candidate,,unattributed,requires_semantic_review
2732,15,unresolved_fragment,,unattributed,requires_semantic_review
2733,3,unresolved_fragment,,unattributed,requires_semantic_review
2734,10,unresolved_fragment,,unattributed,requires_semantic_review
2735,10,unresolved_fragment,,unattributed,requires_semantic_review
2736,10,unresolved_fragment,,unattributed,requires_semantic_review
2737,4,unresolved_fragment,,unattributed,requires_semantic_review
2738,5,unresolved_fragment,,unattributed,requires_semantic_review
2739,3,unresolved_fragment,,unattributed,requires_semantic_review
2740,2,unresolved_fragment,,unattributed,requires_semantic_review
2741,4,unresolved_fragment,,unattributed,requires_semantic_review
2742,3,unresolved_fragment,,unattributed,requires_semantic_review
2743,4,unresolved_fragment,,unattributed,requires_semantic_review
2744,77,prose_candidate,X-0120,dialogue_turn_unattributed,requires_semantic_review
2745,13,symbolic_candidate,,unattributed,requires_semantic_review
2746,16,symbolic_candidate,,unattributed,requires_semantic_review
2747,8,unresolved_fragment,,unattributed,requires_semantic_review
2748,9,unresolved_fragment,,unattributed,requires_semantic_review
2749,29,symbolic_candidate,,unattributed,requires_semantic_review
2750,5,unresolved_fragment,,unattributed,requires_semantic_review
2751,20,symbolic_candidate,,unattributed,requires_semantic_review
2752,7,symbolic_candidate,,unattributed,requires_semantic_review
2753,35,symbolic_candidate,,unattributed,requires_semantic_review
2754,50,prose_candidate,X-0121,unattributed,requires_semantic_review
2755,16,unresolved_fragment,,unattributed,requires_semantic_review
2756,3,unresolved_fragment,,unattributed,requires_semantic_review
2757,19,symbolic_candidate,,unattributed,requires_semantic_review
2758,10,symbolic_candidate,,unattributed,requires_semantic_review
2759,5,unresolved_fragment,,unattributed,requires_semantic_review
2760,5,unresolved_fragment,,unattributed,requires_semantic_review
2761,5,unresolved_fragment,,unattributed,requires_semantic_review
2762,8,symbolic_candidate,,unattributed,requires_semantic_review
2763,19,symbolic_candidate,,unattributed,requires_semantic_review
2764,17,symbolic_candidate,,unattributed,requires_semantic_review
2765,15,symbolic_candidate,,unattributed,requires_semantic_review
2766,2,unresolved_fragment,,unattributed,requires_semantic_review
2767,5,unresolved_fragment,,unattributed,requires_semantic_review
2768,15,symbolic_candidate,,unattributed,requires_semantic_review
2769,13,unresolved_fragment,,unattributed,requires_semantic_review
2770,9,unresolved_fragment,,unattributed,requires_semantic_review
2771,15,unresolved_fragment,,unattributed,requires_semantic_review
2772,11,symbolic_candidate,,unattributed,requires_semantic_review
2773,13,unresolved_fragment,,unattributed,requires_semantic_review
2774,15,symbolic_candidate,,unattributed,requires_semantic_review
2775,6,unresolved_fragment,,unattributed,requires_semantic_review
2776,12,symbolic_candidate,,unattributed,requires_semantic_review
2777,15,unresolved_fragment,,unattributed,requires_semantic_review
2778,17,unresolved_fragment,,unattributed,requires_semantic_review
2779,8,unresolved_fragment,,unattributed,requires_semantic_review
2780,11,symbolic_candidate,,unattributed,requires_semantic_review
2781,14,symbolic_candidate,,unattributed,requires_semantic_review
2782,7,symbolic_candidate,,unattributed,requires_semantic_review
2783,7,symbolic_candidate,,unattributed,requires_semantic_review
2784,9,symbolic_candidate,,unattributed,requires_semantic_review
2785,7,symbolic_candidate,,unattributed,requires_semantic_review
2786,13,symbolic_candidate,,unattributed,requires_semantic_review
2787,12,unresolved_fragment,,unattributed,requires_semantic_review
2788,14,symbolic_candidate,,unattributed,requires_semantic_review
2789,9,symbolic_candidate,,unattributed,requires_semantic_review
2790,11,symbolic_candidate,,unattributed,requires_semantic_review
2791,12,symbolic_candidate,,unattributed,requires_semantic_review
2792,10,symbolic_candidate,,unattributed,requires_semantic_review
2793,13,symbolic_candidate,,unattributed,requires_semantic_review
2794,7,symbolic_candidate,,unattributed,requires_semantic_review
2795,13,symbolic_candidate,,unattributed,requires_semantic_review
2796,7,unresolved_fragment,,unattributed,requires_semantic_review
2797,11,symbolic_candidate,,unattributed,requires_semantic_review
2798,18,symbolic_candidate,,unattributed,requires_semantic_review
2799,9,unresolved_fragment,,unattributed,requires_semantic_review
2800,5,unresolved_fragment,,unattributed,requires_semantic_review
2801,7,unresolved_fragment,,unattributed,requires_semantic_review
2802,15,symbolic_candidate,,unattributed,requires_semantic_review
2803,8,symbolic_candidate,,unattributed,requires_semantic_review
2804,18,unresolved_fragment,,unattributed,requires_semantic_review
2805,15,unresolved_fragment,,unattributed,requires_semantic_review
2806,25,symbolic_candidate,,unattributed,requires_semantic_review
2807,6,symbolic_candidate,,unattributed,requires_semantic_review
2808,6,unresolved_fragment,,unattributed,requires_semantic_review
2809,10,symbolic_candidate,,unattributed,requires_semantic_review
2810,14,symbolic_candidate,,unattributed,requires_semantic_review
2811,13,symbolic_candidate,,unattributed,requires_semantic_review
2812,13,unresolved_fragment,,unattributed,requires_semantic_review
2813,16,unresolved_fragment,,unattributed,requires_semantic_review
2814,9,unresolved_fragment,,unattributed,requires_semantic_review
2815,11,unresolved_fragment,,unattributed,requires_semantic_review
2816,9,unresolved_fragment,,unattributed,requires_semantic_review
2817,12,unresolved_fragment,,unattributed,requires_semantic_review
2818,15,symbolic_candidate,,unattributed,requires_semantic_review
2819,7,symbolic_candidate,,unattributed,requires_semantic_review
2820,15,unresolved_fragment,,unattributed,requires_semantic_review
2821,1,unresolved_fragment,,unattributed,requires_semantic_review
2822,23,unresolved_fragment,,unattributed,requires_semantic_review
2823,12,unresolved_fragment,,unattributed,requires_semantic_review
2824,12,unresolved_fragment,,unattributed,requires_semantic_review
2825,18,symbolic_candidate,,unattributed,requires_semantic_review
2826,13,unresolved_fragment,,unattributed,requires_semantic_review
2827,12,symbolic_candidate,,unattributed,requires_semantic_review
2828,11,symbolic_candidate,,unattributed,requires_semantic_review
2829,15,symbolic_candidate,,unattributed,requires_semantic_review
2830,8,unresolved_fragment,,unattributed,requires_semantic_review
2831,8,unresolved_fragment,,unattributed,requires_semantic_review
2832,7,unresolved_fragment,,unattributed,requires_semantic_review
2833,12,unresolved_fragment,,unattributed,requires_semantic_review
2834,12,symbolic_candidate,,unattributed,requires_semantic_review
2835,28,unresolved_fragment,,unattributed,requires_semantic_review
2836,6,unresolved_fragment,,unattributed,requires_semantic_review
2837,4,unresolved_fragment,,unattributed,requires_semantic_review
2838,12,symbolic_candidate,,unattributed,requires_semantic_review
2839,22,symbolic_candidate,,unattributed,requires_semantic_review
2840,7,unresolved_fragment,,unattributed,requires_semantic_review
2841,8,unresolved_fragment,,unattributed,requires_semantic_review
2842,3,unresolved_fragment,,unattributed,requires_semantic_review
2843,7,unresolved_fragment,,unattributed,requires_semantic_review
2844,12,symbolic_candidate,,unattributed,requires_semantic_review
2845,18,symbolic_candidate,,unattributed,requires_semantic_review
2846,6,unresolved_fragment,,unattributed,requires_semantic_review
2847,6,unresolved_fragment,,unattributed,requires_semantic_review
2848,14,unresolved_fragment,,unattributed,requires_semantic_review
2849,25,symbolic_candidate,,unattributed,requires_semantic_review
2850,20,symbolic_candidate,,unattributed,requires_semantic_review
2851,16,unresolved_fragment,,unattributed,requires_semantic_review
2852,21,symbolic_candidate,,unattributed,requires_semantic_review
2853,17,unresolved_fragment,,unattributed,requires_semantic_review
2854,7,unresolved_fragment,,unattributed,requires_semantic_review
2855,4,unresolved_fragment,,unattributed,requires_semantic_review
2856,12,symbolic_candidate,,unattributed,requires_semantic_review
2857,20,unresolved_fragment,,unattributed,requires_semantic_review
2858,11,unresolved_fragment,,unattributed,requires_semantic_review
2859,79,prose_candidate,X-0122,dialogue_turn_unattributed,requires_semantic_review
2860,9,unresolved_fragment,,unattributed,requires_semantic_review
2861,14,unresolved_fragment,,unattributed,requires_semantic_review
2862,2,unresolved_fragment,,unattributed,requires_semantic_review
2863,4,unresolved_fragment,,unattributed,requires_semantic_review
2864,2,unresolved_fragment,,unattributed,requires_semantic_review
2865,8,unresolved_fragment,,unattributed,requires_semantic_review
2866,3,unresolved_fragment,,unattributed,requires_semantic_review
2867,3,unresolved_fragment,,unattributed,requires_semantic_review
2868,3,unresolved_fragment,,unattributed,requires_semantic_review
2869,4,unresolved_fragment,,unattributed,requires_semantic_review
2870,13,symbolic_candidate,,unattributed,requires_semantic_review
2871,76,prose_candidate,X-0123,dialogue_turn_unattributed,requires_semantic_review
2872,12,unresolved_fragment,,unattributed,requires_semantic_review
2873,3,unresolved_fragment,,unattributed,requires_semantic_review
2874,4,unresolved_fragment,,unattributed,requires_semantic_review
2875,2,unresolved_fragment,,unattributed,requires_semantic_review
2876,3,unresolved_fragment,,unattributed,requires_semantic_review
2877,1,unresolved_fragment,,unattributed,requires_semantic_review
2878,2,unresolved_fragment,,unattributed,requires_semantic_review
2879,1,unresolved_fragment,,unattributed,requires_semantic_review
2880,31,prose_candidate,X-0124,dialogue_turn_unattributed,requires_semantic_review
2881,38,prose_candidate,X-0125,unattributed,requires_semantic_review
2882,24,symbolic_candidate,,unattributed,requires_semantic_review
2883,14,symbolic_candidate,,unattributed,requires_semantic_review
2884,42,symbolic_candidate,,unattributed,requires_semantic_review
2885,14,symbolic_candidate,,unattributed,requires_semantic_review
2886,20,symbolic_candidate,,unattributed,requires_semantic_review
2887,26,symbolic_candidate,,unattributed,requires_semantic_review
2888,13,symbolic_candidate,,unattributed,requires_semantic_review
2889,39,prose_candidate,X-0126,dialogue_turn_unattributed,requires_semantic_review
2890,25,symbolic_candidate,,unattributed,requires_semantic_review
2891,9,symbolic_candidate,,unattributed,requires_semantic_review
2892,10,unresolved_fragment,,unattributed,requires_semantic_review
2893,27,prose_candidate,X-0127,dialogue_turn_unattributed,requires_semantic_review
2894,15,unresolved_fragment,,unattributed,requires_semantic_review
2895,18,unresolved_fragment,,unattributed,requires_semantic_review
2896,13,unresolved_fragment,,unattributed,requires_semantic_review
2897,11,unresolved_fragment,,unattributed,requires_semantic_review
2898,1,unresolved_fragment,,unattributed,requires_semantic_review
2899,2,unresolved_fragment,,unattributed,requires_semantic_review
2900,5,unresolved_fragment,,unattributed,requires_semantic_review
2901,4,unresolved_fragment,,unattributed,requires_semantic_review
2902,10,symbolic_candidate,,unattributed,requires_semantic_review
2903,49,prose_candidate,X-0128,dialogue_turn_unattributed,requires_semantic_review
2904,11,symbolic_candidate,,unattributed,requires_semantic_review
2905,16,unresolved_fragment,,unattributed,requires_semantic_review
2906,4,unresolved_fragment,,unattributed,requires_semantic_review
2907,6,unresolved_fragment,,unattributed,requires_semantic_review
2908,9,unresolved_fragment,,unattributed,requires_semantic_review
2909,3,unresolved_fragment,,unattributed,requires_semantic_review
2910,4,unresolved_fragment,,unattributed,requires_semantic_review
2911,11,unresolved_fragment,,unattributed,requires_semantic_review
2912,2,unresolved_fragment,,unattributed,requires_semantic_review
2913,8,symbolic_candidate,,unattributed,requires_semantic_review
2914,7,symbolic_candidate,,unattributed,requires_semantic_review
2915,20,symbolic_candidate,,unattributed,requires_semantic_review
2916,9,symbolic_candidate,,unattributed,requires_semantic_review
2917,6,unresolved_fragment,,unattributed,requires_semantic_review
2918,10,unresolved_fragment,,unattributed,requires_semantic_review
2919,10,unresolved_fragment,,unattributed,requires_semantic_review
2920,5,symbolic_candidate,,unattributed,requires_semantic_review
2921,17,symbolic_candidate,,unattributed,requires_semantic_review
2922,5,unresolved_fragment,,unattributed,requires_semantic_review
2923,2,unresolved_fragment,,unattributed,requires_semantic_review
2924,4,unresolved_fragment,,unattributed,requires_semantic_review
2925,8,unresolved_fragment,,unattributed,requires_semantic_review
2926,13,unresolved_fragment,,unattributed,requires_semantic_review
2927,27,symbolic_candidate,,unattributed,requires_semantic_review
2928,19,unresolved_fragment,,unattributed,requires_semantic_review
2929,10,unresolved_fragment,,unattributed,requires_semantic_review
2930,7,unresolved_fragment,,unattributed,requires_semantic_review
2931,37,prose_candidate,X-0129,dialogue_turn_unattributed,requires_semantic_review
2932,10,symbolic_candidate,,unattributed,requires_semantic_review
2933,8,unresolved_fragment,,unattributed,requires_semantic_review
2934,14,symbolic_candidate,,unattributed,requires_semantic_review
2935,9,symbolic_candidate,,unattributed,requires_semantic_review
2936,12,symbolic_candidate,,unattributed,requires_semantic_review
2937,6,unresolved_fragment,,unattributed,requires_semantic_review
2938,13,unresolved_fragment,,unattributed,requires_semantic_review
2939,13,unresolved_fragment,,unattributed,requires_semantic_review
2940,14,symbolic_candidate,,unattributed,requires_semantic_review
2941,16,symbolic_candidate,,unattributed,requires_semantic_review
2942,69,prose_candidate,X-0130,dialogue_turn_unattributed,requires_semantic_review
2943,9,unresolved_fragment,,unattributed,requires_semantic_review
2944,27,symbolic_candidate,,unattributed,requires_semantic_review
2945,21,symbolic_candidate,,unattributed,requires_semantic_review
2946,12,symbolic_candidate,,unattributed,requires_semantic_review
2947,73,prose_candidate,X-0131,dialogue_turn_unattributed,requires_semantic_review
2948,73,prose_candidate,X-0132,unattributed,requires_semantic_review
2949,17,unresolved_fragment,,unattributed,requires_semantic_review
2950,5,unresolved_fragment,,unattributed,requires_semantic_review
2951,7,symbolic_candidate,,unattributed,requires_semantic_review
2952,5,unresolved_fragment,,unattributed,requires_semantic_review
2953,7,symbolic_candidate,,unattributed,requires_semantic_review
2954,35,prose_candidate,X-0133,dialogue_turn_unattributed,requires_semantic_review
2955,12,unresolved_fragment,,unattributed,requires_semantic_review
2956,30,symbolic_candidate,,unattributed,requires_semantic_review
2957,8,unresolved_fragment,,unattributed,requires_semantic_review
2958,17,symbolic_candidate,,unattributed,requires_semantic_review
2959,76,prose_candidate,X-0134,dialogue_turn_unattributed,requires_semantic_review
2960,11,unresolved_fragment,,unattributed,requires_semantic_review
2961,23,symbolic_candidate,,unattributed,requires_semantic_review
2962,7,unresolved_fragment,,unattributed,requires_semantic_review
2963,13,symbolic_candidate,,unattributed,requires_semantic_review
2964,7,unresolved_fragment,,unattributed,requires_semantic_review
2965,13,unresolved_fragment,,unattributed,requires_semantic_review
2966,7,unresolved_fragment,,unattributed,requires_semantic_review
2967,23,unresolved_fragment,,unattributed,requires_semantic_review
2968,5,unresolved_fragment,,unattributed,requires_semantic_review
2969,15,symbolic_candidate,,unattributed,requires_semantic_review
2970,8,unresolved_fragment,,unattributed,requires_semantic_review
2971,76,prose_candidate,X-0135,dialogue_turn_unattributed,requires_semantic_review
2972,18,unresolved_fragment,,unattributed,requires_semantic_review
2973,11,symbolic_candidate,,unattributed,requires_semantic_review
2974,80,prose_candidate,X-0136,dialogue_turn_unattributed,requires_semantic_review
2975,13,unresolved_fragment,,unattributed,requires_semantic_review
2976,14,unresolved_fragment,,unattributed,requires_semantic_review
2977,7,symbolic_candidate,,unattributed,requires_semantic_review
2978,18,unresolved_fragment,,unattributed,requires_semantic_review
2979,9,unresolved_fragment,,unattributed,requires_semantic_review
2980,11,unresolved_fragment,,unattributed,requires_semantic_review
2981,11,symbolic_candidate,,unattributed,requires_semantic_review
2982,19,symbolic_candidate,,unattributed,requires_semantic_review
2983,71,prose_candidate,X-0137,unattributed,requires_semantic_review
2984,41,symbolic_candidate,,unattributed,requires_semantic_review
2985,10,unresolved_fragment,,unattributed,requires_semantic_review
2986,8,unresolved_fragment,,unattributed,requires_semantic_review
2987,38,symbolic_candidate,,unattributed,requires_semantic_review
2988,44,symbolic_candidate,,unattributed,requires_semantic_review
2989,15,unresolved_fragment,,unattributed,requires_semantic_review
2990,17,symbolic_candidate,,unattributed,requires_semantic_review
2991,16,unresolved_fragment,,unattributed,requires_semantic_review
2992,10,unresolved_fragment,,unattributed,requires_semantic_review
2993,18,unresolved_fragment,,unattributed,requires_semantic_review
2994,12,unresolved_fragment,,unattributed,requires_semantic_review
2995,20,unresolved_fragment,,unattributed,requires_semantic_review
2996,14,symbolic_candidate,,unattributed,requires_semantic_review
2997,18,unresolved_fragment,,unattributed,requires_semantic_review
2998,8,unresolved_fragment,,unattributed,requires_semantic_review
2999,9,unresolved_fragment,,unattributed,requires_semantic_review
3000,8,symbolic_candidate,,unattributed,requires_semantic_review
3001,6,unresolved_fragment,,unattributed,requires_semantic_review
3002,8,unresolved_fragment,,unattributed,requires_semantic_review
3003,20,unresolved_fragment,,unattributed,requires_semantic_review
3004,30,symbolic_candidate,,unattributed,requires_semantic_review
3005,15,unresolved_fragment,,unattributed,requires_semantic_review
3006,68,prose_candidate,X-0138,dialogue_turn_unattributed,requires_semantic_review
3007,51,prose_candidate,X-0139,unattributed,requires_semantic_review
3008,69,prose_candidate,X-0140,unattributed,requires_semantic_review
3009,76,prose_candidate,X-0141,unattributed,requires_semantic_review
3010,58,prose_candidate,X-0142,unattributed,requires_semantic_review
3011,58,prose_candidate,X-0143,unattributed,requires_semantic_review
3012,8,symbolic_candidate,,unattributed,requires_semantic_review
3013,10,symbolic_candidate,,unattributed,requires_semantic_review
3014,5,unresolved_fragment,,unattributed,requires_semantic_review
3015,5,unresolved_fragment,,unattributed,requires_semantic_review
3016,13,unresolved_fragment,,unattributed,requires_semantic_review
3017,20,unresolved_fragment,,unattributed,requires_semantic_review
3018,46,prose_candidate,X-0144,unattributed,requires_semantic_review
3019,39,symbolic_candidate,,unattributed,requires_semantic_review
3020,35,symbolic_candidate,,unattributed,requires_semantic_review
3021,19,symbolic_candidate,,unattributed,requires_semantic_review
3022,22,symbolic_candidate,,unattributed,requires_semantic_review
3023,12,symbolic_candidate,,unattributed,requires_semantic_review
3024,44,prose_candidate,X-0145,dialogue_turn_unattributed,requires_semantic_review
3025,14,unresolved_fragment,,unattributed,requires_semantic_review
3026,9,unresolved_fragment,,unattributed,requires_semantic_review
3027,44,prose_candidate,X-0146,unattributed,requires_semantic_review
3028,4,unresolved_fragment,,unattributed,requires_semantic_review
3029,11,unresolved_fragment,,unattributed,requires_semantic_review
3030,19,symbolic_candidate,,unattributed,requires_semantic_review
3031,9,unresolved_fragment,,unattributed,requires_semantic_review
3032,13,symbolic_candidate,,unattributed,requires_semantic_review
3033,13,symbolic_candidate,,unattributed,requires_semantic_review
3034,16,unresolved_fragment,,unattributed,requires_semantic_review
3035,17,unresolved_fragment,,unattributed,requires_semantic_review
3036,18,symbolic_candidate,,unattributed,requires_semantic_review
3037,75,prose_candidate,X-0147,dialogue_turn_unattributed,requires_semantic_review
3038,18,unresolved_fragment,,unattributed,requires_semantic_review
3039,8,unresolved_fragment,,unattributed,requires_semantic_review
3040,8,unresolved_fragment,,unattributed,requires_semantic_review
3041,15,unresolved_fragment,,unattributed,requires_semantic_review
3042,13,unresolved_fragment,,unattributed,requires_semantic_review
3043,15,unresolved_fragment,,unattributed,requires_semantic_review
3044,55,prose_candidate,X-0148,unattributed,requires_semantic_review
3045,23,unresolved_fragment,,unattributed,requires_semantic_review
3046,5,unresolved_fragment,,unattributed,requires_semantic_review
3047,5,unresolved_fragment,,unattributed,requires_semantic_review
3048,5,unresolved_fragment,,unattributed,requires_semantic_review
3049,55,prose_candidate,X-0149,dialogue_turn_unattributed,requires_semantic_review
3050,11,unresolved_fragment,,unattributed,requires_semantic_review
3051,37,prose_candidate,X-0150,unattributed,requires_semantic_review
3052,11,unresolved_fragment,,unattributed,requires_semantic_review
3053,9,unresolved_fragment,,unattributed,requires_semantic_review
3054,1,unresolved_fragment,,unattributed,requires_semantic_review
3055,5,unresolved_fragment,,unattributed,requires_semantic_review
3056,14,unresolved_fragment,,unattributed,requires_semantic_review
3057,11,symbolic_candidate,,unattributed,requires_semantic_review
3058,11,symbolic_candidate,,unattributed,requires_semantic_review
3059,3,unresolved_fragment,,unattributed,requires_semantic_review
3060,6,symbolic_candidate,,unattributed,requires_semantic_review
3061,21,unresolved_fragment,,unattributed,requires_semantic_review
3062,14,unresolved_fragment,,unattributed,requires_semantic_review
3063,12,unresolved_fragment,,unattributed,requires_semantic_review
3064,11,symbolic_candidate,,unattributed,requires_semantic_review
3065,11,symbolic_candidate,,unattributed,requires_semantic_review
3066,4,unresolved_fragment,,unattributed,requires_semantic_review
3067,5,unresolved_fragment,,unattributed,requires_semantic_review
3068,6,unresolved_fragment,,unattributed,requires_semantic_review
3069,5,symbolic_candidate,,unattributed,requires_semantic_review
3070,22,symbolic_candidate,,unattributed,requires_semantic_review
3071,13,symbolic_candidate,,unattributed,requires_semantic_review
3072,20,symbolic_candidate,,unattributed,requires_semantic_review
3073,73,prose_candidate,X-0151,dialogue_turn_unattributed,requires_semantic_review
3074,76,prose_candidate,X-0152,unattributed,requires_semantic_review
3075,43,symbolic_candidate,,unattributed,requires_semantic_review
3076,19,symbolic_candidate,,unattributed,requires_semantic_review
3077,16,symbolic_candidate,,unattributed,requires_semantic_review
3078,13,unresolved_fragment,,unattributed,requires_semantic_review
3079,5,unresolved_fragment,,unattributed,requires_semantic_review
3080,2,unresolved_fragment,,unattributed,requires_semantic_review
3081,2,unresolved_fragment,,unattributed,requires_semantic_review
3082,22,unresolved_fragment,,unattributed,requires_semantic_review
3083,7,unresolved_fragment,,unattributed,requires_semantic_review
3084,5,unresolved_fragment,,unattributed,requires_semantic_review
3085,13,symbolic_candidate,,unattributed,requires_semantic_review
3086,40,prose_candidate,X-0153,dialogue_turn_unattributed,requires_semantic_review
3087,23,unresolved_fragment,,unattributed,requires_semantic_review
3088,7,unresolved_fragment,,unattributed,requires_semantic_review
3089,50,prose_candidate,X-0154,dialogue_turn_unattributed,requires_semantic_review
3090,7,unresolved_fragment,,unattributed,requires_semantic_review
3091,7,unresolved_fragment,,unattributed,requires_semantic_review
3092,24,prose_candidate,X-0155,unattributed,requires_semantic_review
3093,13,symbolic_candidate,,unattributed,requires_semantic_review
3094,18,unresolved_fragment,,unattributed,requires_semantic_review
3095,17,symbolic_candidate,,unattributed,requires_semantic_review
3096,17,symbolic_candidate,,unattributed,requires_semantic_review
3097,14,symbolic_candidate,,unattributed,requires_semantic_review
3098,8,unresolved_fragment,,unattributed,requires_semantic_review
3099,21,symbolic_candidate,,unattributed,requires_semantic_review
3100,23,symbolic_candidate,,unattributed,requires_semantic_review
3101,12,unresolved_fragment,,unattributed,requires_semantic_review
3102,74,prose_candidate,X-0156,unattributed,requires_semantic_review
3103,34,prose_candidate,X-0157,unattributed,requires_semantic_review
3104,70,unresolved_fragment,,unattributed,requires_semantic_review
3105,33,symbolic_candidate,,unattributed,requires_semantic_review
3106,15,unresolved_fragment,,unattributed,requires_semantic_review
3107,23,symbolic_candidate,,unattributed,requires_semantic_review
3108,55,prose_candidate,X-0158,unattributed,requires_semantic_review
3109,67,prose_candidate,X-0159,unattributed,requires_semantic_review
3110,17,unresolved_fragment,,unattributed,requires_semantic_review
3111,67,prose_candidate,X-0160,unattributed,requires_semantic_review
3112,71,prose_candidate,X-0161,unattributed,requires_semantic_review
3113,16,symbolic_candidate,,unattributed,requires_semantic_review
3114,79,prose_candidate,X-0162,unattributed,requires_semantic_review
3115,16,unresolved_fragment,,unattributed,requires_semantic_review
3116,37,symbolic_candidate,,unattributed,requires_semantic_review
3117,25,prose_candidate,X-0163,unattributed,requires_semantic_review
3118,20,symbolic_candidate,,unattributed,requires_semantic_review
3119,32,symbolic_candidate,,unattributed,requires_semantic_review
3120,10,unresolved_fragment,,unattributed,requires_semantic_review
3121,16,symbolic_candidate,,unattributed,requires_semantic_review
3122,6,unresolved_fragment,,unattributed,requires_semantic_review
3123,14,unresolved_fragment,,unattributed,requires_semantic_review
3124,10,unresolved_fragment,,unattributed,requires_semantic_review
3125,11,symbolic_candidate,,unattributed,requires_semantic_review
3126,13,symbolic_candidate,,unattributed,requires_semantic_review
3127,19,unresolved_fragment,,unattributed,requires_semantic_review
3128,7,unresolved_fragment,,unattributed,requires_semantic_review
3129,8,symbolic_candidate,,unattributed,requires_semantic_review
3130,13,unresolved_fragment,,unattributed,requires_semantic_review
3131,9,symbolic_candidate,,unattributed,requires_semantic_review
3132,14,symbolic_candidate,,unattributed,requires_semantic_review
3133,6,symbolic_candidate,,unattributed,requires_semantic_review
3134,67,prose_candidate,X-0164,dialogue_turn_unattributed,requires_semantic_review
3135,17,symbolic_candidate,,unattributed,requires_semantic_review
3136,38,prose_candidate,X-0165,dialogue_turn_unattributed,requires_semantic_review
3137,84,prose_candidate,X-0166,unattributed,requires_semantic_review
3138,16,unresolved_fragment,,unattributed,requires_semantic_review
3139,41,symbolic_candidate,,unattributed,requires_semantic_review
3140,48,prose_candidate,X-0167,unattributed,requires_semantic_review
3141,74,prose_candidate,X-0168,unattributed,requires_semantic_review
3142,72,prose_candidate,X-0169,unattributed,requires_semantic_review
3143,80,prose_candidate,X-0170,unattributed,requires_semantic_review
3144,42,prose_candidate,X-0171,unattributed,requires_semantic_review
3145,46,prose_candidate,X-0172,unattributed,requires_semantic_review
3146,1,structural,,unattributed,classified
3147,17,symbolic_candidate,,unattributed,requires_semantic_review
3148,36,symbolic_candidate,,unattributed,requires_semantic_review
3149,48,prose_candidate,X-0173,unattributed,requires_semantic_review
3150,2,unresolved_fragment,,unattributed,requires_semantic_review
3151,5,unresolved_fragment,,unattributed,requires_semantic_review
3152,23,unresolved_fragment,,unattributed,requires_semantic_review
3153,3,unresolved_fragment,,unattributed,requires_semantic_review
3154,3,unresolved_fragment,,unattributed,requires_semantic_review
3155,24,unresolved_fragment,,unattributed,requires_semantic_review
3156,10,symbolic_candidate,,unattributed,requires_semantic_review
3157,7,unresolved_fragment,,unattributed,requires_semantic_review
3158,10,unresolved_fragment,,unattributed,requires_semantic_review
3159,9,symbolic_candidate,,unattributed,requires_semantic_review
3160,24,symbolic_candidate,,unattributed,requires_semantic_review
3161,20,unresolved_fragment,,unattributed,requires_semantic_review
3162,74,prose_candidate,X-0174,unattributed,requires_semantic_review
3163,32,prose_candidate,X-0175,unattributed,requires_semantic_review
3164,77,prose_candidate,X-0176,unattributed,requires_semantic_review
3165,74,prose_candidate,X-0177,unattributed,requires_semantic_review
3166,25,symbolic_candidate,,unattributed,requires_semantic_review
3167,81,prose_candidate,X-0178,unattributed,requires_semantic_review
3168,52,unresolved_fragment,,unattributed,requires_semantic_review
3169,67,prose_candidate,X-0179,unattributed,requires_semantic_review
3170,23,unresolved_fragment,,unattributed,requires_semantic_review
3171,15,symbolic_candidate,,unattributed,requires_semantic_review
3172,36,prose_candidate,X-0180,unattributed,requires_semantic_review
3173,67,unresolved_fragment,,unattributed,requires_semantic_review
3174,22,unresolved_fragment,,unattributed,requires_semantic_review
3175,18,symbolic_candidate,,unattributed,requires_semantic_review
3176,22,symbolic_candidate,,unattributed,requires_semantic_review
3177,43,prose_candidate,X-0181,unattributed,requires_semantic_review
3178,34,unresolved_fragment,,unattributed,requires_semantic_review
3179,26,unresolved_fragment,,unattributed,requires_semantic_review
3180,33,symbolic_candidate,,unattributed,requires_semantic_review
3181,34,symbolic_candidate,,unattributed,requires_semantic_review
3182,4,unresolved_fragment,,unattributed,requires_semantic_review
3183,31,prose_candidate,X-0182,unattributed,requires_semantic_review
3184,22,symbolic_candidate,,unattributed,requires_semantic_review
3185,35,unresolved_fragment,,unattributed,requires_semantic_review
3186,28,prose_candidate,X-0183,unattributed,requires_semantic_review
3187,20,symbolic_candidate,,unattributed,requires_semantic_review
3188,19,unresolved_fragment,,unattributed,requires_semantic_review
3189,14,symbolic_candidate,,unattributed,requires_semantic_review
3190,43,prose_candidate,X-0184,dialogue_turn_unattributed,requires_semantic_review
3191,9,unresolved_fragment,,unattributed,requires_semantic_review
3192,21,unresolved_fragment,,unattributed,requires_semantic_review
3193,21,symbolic_candidate,,unattributed,requires_semantic_review
3194,6,unresolved_fragment,,unattributed,requires_semantic_review
3195,19,unresolved_fragment,,unattributed,requires_semantic_review
3196,4,unresolved_fragment,,unattributed,requires_semantic_review
3197,2,unresolved_fragment,,unattributed,requires_semantic_review
3198,3,unresolved_fragment,,unattributed,requires_semantic_review
3199,2,unresolved_fragment,,unattributed,requires_semantic_review
3200,4,unresolved_fragment,,unattributed,requires_semantic_review
3201,13,unresolved_fragment,,unattributed,requires_semantic_review
3202,3,unresolved_fragment,,unattributed,requires_semantic_review
3203,16,unresolved_fragment,,unattributed,requires_semantic_review
3204,18,symbolic_candidate,,unattributed,requires_semantic_review
3205,13,unresolved_fragment,,unattributed,requires_semantic_review
3206,12,symbolic_candidate,,unattributed,requires_semantic_review
3207,8,unresolved_fragment,,unattributed,requires_semantic_review
3208,4,unresolved_fragment,,unattributed,requires_semantic_review
3209,10,unresolved_fragment,,unattributed,requires_semantic_review
3210,18,symbolic_candidate,,unattributed,requires_semantic_review
3211,6,unresolved_fragment,,unattributed,requires_semantic_review
3212,9,unresolved_fragment,,unattributed,requires_semantic_review
3213,9,unresolved_fragment,,unattributed,requires_semantic_review
3214,7,unresolved_fragment,,unattributed,requires_semantic_review
3215,22,symbolic_candidate,,unattributed,requires_semantic_review
3216,31,symbolic_candidate,,unattributed,requires_semantic_review
3217,25,symbolic_candidate,,unattributed,requires_semantic_review
3218,16,unresolved_fragment,,unattributed,requires_semantic_review
3219,62,prose_candidate,X-0185,dialogue_turn_unattributed,requires_semantic_review
3220,14,unresolved_fragment,,unattributed,requires_semantic_review
3221,9,unresolved_fragment,,unattributed,requires_semantic_review
3222,62,unresolved_fragment,,unattributed,requires_semantic_review
3223,50,prose_candidate,X-0186,unattributed,requires_semantic_review
3224,55,prose_candidate,X-0187,unattributed,requires_semantic_review
3225,32,prose_candidate,X-0188,unattributed,requires_semantic_review
3226,32,prose_candidate,X-0189,unattributed,requires_semantic_review
3227,28,prose_candidate,X-0190,unattributed,requires_semantic_review
3228,19,symbolic_candidate,,unattributed,requires_semantic_review
3229,32,prose_candidate,X-0191,unattributed,requires_semantic_review
3230,41,prose_candidate,X-0192,unattributed,requires_semantic_review
3231,61,prose_candidate,X-0193,unattributed,requires_semantic_review
3232,38,symbolic_candidate,,unattributed,requires_semantic_review
3233,32,prose_candidate,X-0194,unattributed,requires_semantic_review
3234,37,prose_candidate,X-0195,unattributed,requires_semantic_review
3235,30,prose_candidate,X-0196,unattributed,requires_semantic_review
3236,19,unresolved_fragment,,unattributed,requires_semantic_review
3237,38,prose_candidate,X-0197,unattributed,requires_semantic_review
3238,36,prose_candidate,X-0198,unattributed,requires_semantic_review
3239,21,unresolved_fragment,,unattributed,requires_semantic_review
3240,19,unresolved_fragment,,unattributed,requires_semantic_review
3241,20,unresolved_fragment,,unattributed,requires_semantic_review
3242,15,unresolved_fragment,,unattributed,requires_semantic_review
3243,76,prose_candidate,X-0199,unattributed,requires_semantic_review
3244,9,unresolved_fragment,,unattributed,requires_semantic_review
3245,29,unresolved_fragment,,unattributed,requires_semantic_review
3246,29,prose_candidate,X-0200,unattributed,requires_semantic_review
3247,33,prose_candidate,X-0201,unattributed,requires_semantic_review
3248,28,prose_candidate,X-0202,unattributed,requires_semantic_review
3249,20,symbolic_candidate,,unattributed,requires_semantic_review
3250,74,prose_candidate,X-0203,unattributed,requires_semantic_review
3251,8,unresolved_fragment,,unattributed,requires_semantic_review
3252,53,unresolved_fragment,,unattributed,requires_semantic_review
3253,9,unresolved_fragment,,unattributed,requires_semantic_review
3254,71,prose_candidate,X-0204,unattributed,requires_semantic_review
3255,63,prose_candidate,X-0205,unattributed,requires_semantic_review
3256,14,unresolved_fragment,,unattributed,requires_semantic_review
3257,12,unresolved_fragment,,unattributed,requires_semantic_review
3258,30,prose_candidate,X-0206,unattributed,requires_semantic_review
3259,12,symbolic_candidate,,unattributed,requires_semantic_review
3260,16,unresolved_fragment,,unattributed,requires_semantic_review
3261,7,unresolved_fragment,,unattributed,requires_semantic_review
3262,12,unresolved_fragment,,unattributed,requires_semantic_review
3263,9,unresolved_fragment,,unattributed,requires_semantic_review
3264,16,symbolic_candidate,,unattributed,requires_semantic_review
3265,14,unresolved_fragment,,unattributed,requires_semantic_review
3266,13,symbolic_candidate,,unattributed,requires_semantic_review
3267,23,unresolved_fragment,,unattributed,requires_semantic_review
3268,12,unresolved_fragment,,unattributed,requires_semantic_review
3269,17,unresolved_fragment,,unattributed,requires_semantic_review
3270,27,prose_candidate,X-0207,dialogue_turn_unattributed,requires_semantic_review
3271,29,symbolic_candidate,,unattributed,requires_semantic_review
3272,21,unresolved_fragment,,unattributed,requires_semantic_review
3273,17,symbolic_candidate,,unattributed,requires_semantic_review
3274,19,unresolved_fragment,,unattributed,requires_semantic_review
3275,11,symbolic_candidate,,unattributed,requires_semantic_review
3276,6,unresolved_fragment,,unattributed,requires_semantic_review
3277,9,symbolic_candidate,,unattributed,requires_semantic_review
3278,12,unresolved_fragment,,unattributed,requires_semantic_review
3279,12,unresolved_fragment,,unattributed,requires_semantic_review
3280,10,unresolved_fragment,,unattributed,requires_semantic_review
3281,15,unresolved_fragment,,unattributed,requires_semantic_review
3282,9,symbolic_candidate,,unattributed,requires_semantic_review
3283,4,unresolved_fragment,,unattributed,requires_semantic_review
3284,12,unresolved_fragment,,unattributed,requires_semantic_review
3285,14,symbolic_candidate,,unattributed,requires_semantic_review
3286,16,unresolved_fragment,,unattributed,requires_semantic_review
3287,14,unresolved_fragment,,unattributed,requires_semantic_review
3288,7,unresolved_fragment,,unattributed,requires_semantic_review
3289,7,unresolved_fragment,,unattributed,requires_semantic_review
3290,2,unresolved_fragment,,unattributed,requires_semantic_review
3291,8,unresolved_fragment,,unattributed,requires_semantic_review
3292,14,unresolved_fragment,,unattributed,requires_semantic_review
3293,7,symbolic_candidate,,unattributed,requires_semantic_review
3294,10,symbolic_candidate,,unattributed,requires_semantic_review
3295,12,symbolic_candidate,,unattributed,requires_semantic_review
3296,40,prose_candidate,X-0208,dialogue_turn_unattributed,requires_semantic_review
3297,52,unresolved_fragment,,unattributed,requires_semantic_review
3298,5,unresolved_fragment,,unattributed,requires_semantic_review
3299,32,prose_candidate,X-0209,unattributed,requires_semantic_review
3300,21,unresolved_fragment,,unattributed,requires_semantic_review
3301,17,symbolic_candidate,,unattributed,requires_semantic_review
3302,7,unresolved_fragment,,unattributed,requires_semantic_review
3303,6,unresolved_fragment,,unattributed,requires_semantic_review
3304,8,unresolved_fragment,,unattributed,requires_semantic_review
3305,30,symbolic_candidate,,unattributed,requires_semantic_review
3306,16,symbolic_candidate,,unattributed,requires_semantic_review
3307,14,symbolic_candidate,,unattributed,requires_semantic_review
3308,12,symbolic_candidate,,unattributed,requires_semantic_review
3309,22,unresolved_fragment,,unattributed,requires_semantic_review
3310,10,unresolved_fragment,,unattributed,requires_semantic_review
3311,12,unresolved_fragment,,unattributed,requires_semantic_review
3312,20,symbolic_candidate,,unattributed,requires_semantic_review
3313,73,prose_candidate,X-0210,dialogue_turn_unattributed,requires_semantic_review
3314,8,unresolved_fragment,,unattributed,requires_semantic_review
3315,49,prose_candidate,X-0211,unattributed,requires_semantic_review
3316,47,prose_candidate,X-0212,unattributed,requires_semantic_review
3317,45,prose_candidate,X-0213,unattributed,requires_semantic_review
3318,58,prose_candidate,X-0214,unattributed,requires_semantic_review
3319,22,symbolic_candidate,,unattributed,requires_semantic_review
3320,58,prose_candidate,X-0215,dialogue_turn_unattributed,requires_semantic_review
3321,46,prose_candidate,X-0216,dialogue_turn_unattributed,requires_semantic_review
3322,21,symbolic_candidate,,unattributed,requires_semantic_review
3323,64,prose_candidate,X-0217,unattributed,requires_semantic_review
3324,72,unresolved_fragment,,unattributed,requires_semantic_review
3325,14,unresolved_fragment,,unattributed,requires_semantic_review
3326,40,prose_candidate,X-0218,unattributed,requires_semantic_review
3327,15,unresolved_fragment,,unattributed,requires_semantic_review
3328,11,symbolic_candidate,,unattributed,requires_semantic_review
3329,23,symbolic_candidate,,unattributed,requires_semantic_review
3330,16,symbolic_candidate,,unattributed,requires_semantic_review
3331,57,prose_candidate,X-0219,dialogue_turn_unattributed,requires_semantic_review
3332,50,prose_candidate,X-0220,unattributed,requires_semantic_review
3333,70,prose_candidate,X-0221,unattributed,requires_semantic_review
3334,8,unresolved_fragment,,unattributed,requires_semantic_review
3335,20,unresolved_fragment,,unattributed,requires_semantic_review
3336,18,unresolved_fragment,,unattributed,requires_semantic_review
3337,20,unresolved_fragment,,unattributed,requires_semantic_review
3338,8,symbolic_candidate,,unattributed,requires_semantic_review
3339,78,prose_candidate,X-0222,dialogue_turn_unattributed,requires_semantic_review
3340,73,prose_candidate,X-0223,unattributed,requires_semantic_review
3341,19,unresolved_fragment,,unattributed,requires_semantic_review
3342,78,prose_candidate,X-0224,unattributed,requires_semantic_review
3343,9,unresolved_fragment,,unattributed,requires_semantic_review
3344,35,prose_candidate,X-0225,unattributed,requires_semantic_review
3345,11,unresolved_fragment,,unattributed,requires_semantic_review
3346,16,unresolved_fragment,,unattributed,requires_semantic_review
3347,29,prose_candidate,X-0226,unattributed,requires_semantic_review
3348,26,symbolic_candidate,,unattributed,requires_semantic_review
3349,22,symbolic_candidate,,unattributed,requires_semantic_review
3350,19,unresolved_fragment,,unattributed,requires_semantic_review
3351,74,prose_candidate,X-0227,dialogue_turn_unattributed,requires_semantic_review
3352,19,unresolved_fragment,,unattributed,requires_semantic_review
3353,71,prose_candidate,X-0228,dialogue_turn_unattributed,requires_semantic_review
3354,37,symbolic_candidate,,unattributed,requires_semantic_review
3355,17,unresolved_fragment,,unattributed,requires_semantic_review
3356,54,prose_candidate,X-0229,unattributed,requires_semantic_review
3357,3,unresolved_fragment,,unattributed,requires_semantic_review
3358,16,unresolved_fragment,,unattributed,requires_semantic_review
3359,44,prose_candidate,X-0230,unattributed,requires_semantic_review
3360,23,unresolved_fragment,,unattributed,requires_semantic_review
3361,62,prose_candidate,X-0231,unattributed,requires_semantic_review
3362,17,symbolic_candidate,,unattributed,requires_semantic_review
3363,19,unresolved_fragment,,unattributed,requires_semantic_review
3364,33,unresolved_fragment,,unattributed,requires_semantic_review
3365,3,unresolved_fragment,,unattributed,requires_semantic_review
3366,3,unresolved_fragment,,unattributed,requires_semantic_review
3367,15,unresolved_fragment,,unattributed,requires_semantic_review
3368,43,symbolic_candidate,,unattributed,requires_semantic_review
3369,25,symbolic_candidate,,unattributed,requires_semantic_review
3370,47,prose_candidate,X-0232,unattributed,requires_semantic_review
3371,40,symbolic_candidate,,unattributed,requires_semantic_review
3372,30,prose_candidate,X-0233,unattributed,requires_semantic_review
3373,70,prose_candidate,X-0234,unattributed,requires_semantic_review
3374,39,unresolved_fragment,,unattributed,requires_semantic_review
3375,23,symbolic_candidate,,unattributed,requires_semantic_review
3376,16,unresolved_fragment,,unattributed,requires_semantic_review
3377,6,unresolved_fragment,,unattributed,requires_semantic_review
3378,18,symbolic_candidate,,unattributed,requires_semantic_review
3379,32,prose_candidate,X-0235,dialogue_turn_unattributed,requires_semantic_review
3380,69,prose_candidate,X-0236,unattributed,requires_semantic_review
3381,18,unresolved_fragment,,unattributed,requires_semantic_review
3382,15,symbolic_candidate,,unattributed,requires_semantic_review
3383,34,symbolic_candidate,,unattributed,requires_semantic_review
3384,62,prose_candidate,X-0237,unattributed,requires_semantic_review
3385,48,prose_candidate,X-0238,unattributed,requires_semantic_review
3386,20,unresolved_fragment,,unattributed,requires_semantic_review
3387,72,prose_candidate,X-0239,unattributed,requires_semantic_review
3388,17,symbolic_candidate,,unattributed,requires_semantic_review
3389,55,prose_candidate,X-0240,unattributed,requires_semantic_review
3390,64,prose_candidate,X-0241,unattributed,requires_semantic_review
3391,25,prose_candidate,X-0242,unattributed,requires_semantic_review
3392,20,unresolved_fragment,,unattributed,requires_semantic_review
3393,70,prose_candidate,X-0243,dialogue_turn_unattributed,requires_semantic_review
3394,71,prose_candidate,X-0244,unattributed,requires_semantic_review
3395,76,unresolved_fragment,,unattributed,requires_semantic_review
3396,6,unresolved_fragment,,unattributed,requires_semantic_review
3397,42,prose_candidate,X-0245,unattributed,requires_semantic_review
3398,36,symbolic_candidate,,unattributed,requires_semantic_review
3399,15,symbolic_candidate,,unattributed,requires_semantic_review
3400,14,symbolic_candidate,,unattributed,requires_semantic_review
3401,10,unresolved_fragment,,unattributed,requires_semantic_review
3402,77,prose_candidate,X-0246,dialogue_turn_unattributed,requires_semantic_review
3403,73,prose_candidate,X-0247,unattributed,requires_semantic_review
3404,36,prose_candidate,X-0248,unattributed,requires_semantic_review
3405,71,prose_candidate,X-0249,unattributed,requires_semantic_review
3406,64,prose_candidate,X-0250,unattributed,requires_semantic_review
3407,73,prose_candidate,X-0251,unattributed,requires_semantic_review
3408,67,prose_candidate,X-0252,unattributed,requires_semantic_review
3409,9,unresolved_fragment,,unattributed,requires_semantic_review
3410,76,prose_candidate,X-0253,unattributed,requires_semantic_review
3411,75,prose_candidate,X-0254,unattributed,requires_semantic_review
3412,68,prose_candidate,X-0255,unattributed,requires_semantic_review
3413,42,symbolic_candidate,,unattributed,requires_semantic_review
3414,61,unresolved_fragment,,unattributed,requires_semantic_review
3415,73,prose_candidate,X-0256,unattributed,requires_semantic_review
3416,7,unresolved_fragment,,unattributed,requires_semantic_review
3417,74,prose_candidate,X-0257,unattributed,requires_semantic_review
3418,70,prose_candidate,X-0258,unattributed,requires_semantic_review
3419,9,unresolved_fragment,,unattributed,requires_semantic_review
3420,77,prose_candidate,X-0259,unattributed,requires_semantic_review
3421,46,unresolved_fragment,,unattributed,requires_semantic_review
3422,74,prose_candidate,X-0260,unattributed,requires_semantic_review
3423,30,symbolic_candidate,,unattributed,requires_semantic_review
3424,38,prose_candidate,X-0261,unattributed,requires_semantic_review
3425,74,prose_candidate,X-0262,unattributed,requires_semantic_review
3426,31,prose_candidate,X-0263,unattributed,requires_semantic_review
3427,39,symbolic_candidate,,unattributed,requires_semantic_review
3428,12,unresolved_fragment,,unattributed,requires_semantic_review
3429,72,prose_candidate,X-0264,dialogue_turn_unattributed,requires_semantic_review
3430,74,prose_candidate,X-0265,unattributed,requires_semantic_review
3431,26,symbolic_candidate,,unattributed,requires_semantic_review
3432,73,prose_candidate,X-0266,unattributed,requires_semantic_review
3433,15,unresolved_fragment,,unattributed,requires_semantic_review
3434,33,prose_candidate,X-0267,unattributed,requires_semantic_review
3435,48,prose_candidate,X-0268,unattributed,requires_semantic_review
3436,74,prose_candidate,X-0269,unattributed,requires_semantic_review
3437,14,unresolved_fragment,,unattributed,requires_semantic_review
3438,59,prose_candidate,X-0270,unattributed,requires_semantic_review
3439,19,symbolic_candidate,,unattributed,requires_semantic_review
3440,63,prose_candidate,X-0271,unattributed,requires_semantic_review
3441,47,prose_candidate,X-0272,unattributed,requires_semantic_review
3442,15,symbolic_candidate,,unattributed,requires_semantic_review
3443,20,unresolved_fragment,,unattributed,requires_semantic_review
3444,13,symbolic_candidate,,unattributed,requires_semantic_review
3445,5,unresolved_fragment,,unattributed,requires_semantic_review
3446,15,symbolic_candidate,,unattributed,requires_semantic_review
3447,11,symbolic_candidate,,unattributed,requires_semantic_review
3448,72,prose_candidate,X-0273,dialogue_turn_unattributed,requires_semantic_review
3449,76,prose_candidate,X-0274,unattributed,requires_semantic_review
3450,78,prose_candidate,X-0275,unattributed,requires_semantic_review
3451,27,symbolic_candidate,,unattributed,requires_semantic_review
3452,69,unresolved_fragment,,unattributed,requires_semantic_review
3453,54,prose_candidate,X-0276,unattributed,requires_semantic_review
3454,79,prose_candidate,X-0277,unattributed,requires_semantic_review
3455,48,prose_candidate,X-0278,unattributed,requires_semantic_review
3456,45,prose_candidate,X-0279,unattributed,requires_semantic_review
3457,13,symbolic_candidate,,unattributed,requires_semantic_review
3458,34,prose_candidate,X-0280,dialogue_turn_unattributed,requires_semantic_review
3459,33,prose_candidate,X-0281,unattributed,requires_semantic_review
3460,47,prose_candidate,X-0282,unattributed,requires_semantic_review
3461,45,prose_candidate,X-0283,unattributed,requires_semantic_review
3462,49,prose_candidate,X-0284,unattributed,requires_semantic_review
3463,71,prose_candidate,X-0285,unattributed,requires_semantic_review
3464,20,symbolic_candidate,,unattributed,requires_semantic_review
3465,72,prose_candidate,X-0286,unattributed,requires_semantic_review
3466,49,unresolved_fragment,,unattributed,requires_semantic_review
3467,76,prose_candidate,X-0287,unattributed,requires_semantic_review
3468,71,prose_candidate,X-0288,unattributed,requires_semantic_review
3469,80,prose_candidate,X-0289,unattributed,requires_semantic_review
3470,22,symbolic_candidate,,unattributed,requires_semantic_review
3471,43,prose_candidate,X-0290,unattributed,requires_semantic_review
3472,77,prose_candidate,X-0291,unattributed,requires_semantic_review
3473,5,unresolved_fragment,,unattributed,requires_semantic_review
3474,35,prose_candidate,X-0292,unattributed,requires_semantic_review
3475,71,prose_candidate,X-0293,unattributed,requires_semantic_review
3476,37,symbolic_candidate,,unattributed,requires_semantic_review
3477,29,prose_candidate,X-0294,unattributed,requires_semantic_review
3478,70,prose_candidate,X-0295,dialogue_turn_unattributed,requires_semantic_review
3479,70,prose_candidate,X-0296,unattributed,requires_semantic_review
3480,22,unresolved_fragment,,unattributed,requires_semantic_review
3481,50,prose_candidate,X-0297,unattributed,requires_semantic_review
3482,55,prose_candidate,X-0298,unattributed,requires_semantic_review
3483,30,prose_candidate,X-0299,unattributed,requires_semantic_review
3484,75,prose_candidate,X-0300,unattributed,requires_semantic_review
3485,8,unresolved_fragment,,unattributed,requires_semantic_review
3486,10,unresolved_fragment,,unattributed,requires_semantic_review
3487,4,unresolved_fragment,,unattributed,requires_semantic_review
3488,56,prose_candidate,X-0301,dialogue_turn_unattributed,requires_semantic_review
3489,15,symbolic_candidate,,unattributed,requires_semantic_review
3490,62,prose_candidate,X-0302,dialogue_turn_unattributed,requires_semantic_review
3491,13,symbolic_candidate,,unattributed,requires_semantic_review
3492,13,symbolic_candidate,,unattributed,requires_semantic_review
3493,13,unresolved_fragment,,unattributed,requires_semantic_review
3494,10,symbolic_candidate,,unattributed,requires_semantic_review
3495,12,symbolic_candidate,,unattributed,requires_semantic_review
3496,17,symbolic_candidate,,unattributed,requires_semantic_review
3497,63,prose_candidate,X-0303,unattributed,requires_semantic_review
3498,25,symbolic_candidate,,unattributed,requires_semantic_review
3499,65,prose_candidate,X-0304,unattributed,requires_semantic_review
3500,56,prose_candidate,X-0305,unattributed,requires_semantic_review
3501,46,prose_candidate,X-0306,unattributed,requires_semantic_review
3502,2,unresolved_fragment,,unattributed,requires_semantic_review
3503,3,unresolved_fragment,,unattributed,requires_semantic_review
3504,4,unresolved_fragment,,unattributed,requires_semantic_review
3505,4,unresolved_fragment,,unattributed,requires_semantic_review
3506,20,symbolic_candidate,,unattributed,requires_semantic_review
3507,14,unresolved_fragment,,unattributed,requires_semantic_review
3508,12,symbolic_candidate,,unattributed,requires_semantic_review
3509,10,unresolved_fragment,,unattributed,requires_semantic_review
3510,12,symbolic_candidate,,unattributed,requires_semantic_review
3511,71,prose_candidate,X-0307,dialogue_turn_unattributed,requires_semantic_review
3512,11,unresolved_fragment,,unattributed,requires_semantic_review
3513,13,symbolic_candidate,,unattributed,requires_semantic_review
3514,34,symbolic_candidate,,unattributed,requires_semantic_review
3515,35,prose_candidate,X-0308,unattributed,requires_semantic_review
3516,34,symbolic_candidate,,unattributed,requires_semantic_review
3517,45,prose_candidate,X-0309,unattributed,requires_semantic_review
3518,7,unresolved_fragment,,unattributed,requires_semantic_review
3519,6,unresolved_fragment,,unattributed,requires_semantic_review
3520,7,unresolved_fragment,,unattributed,requires_semantic_review
3521,22,symbolic_candidate,,unattributed,requires_semantic_review
3522,48,prose_candidate,X-0310,unattributed,requires_semantic_review
3523,4,unresolved_fragment,,unattributed,requires_semantic_review
3524,58,prose_candidate,X-0311,unattributed,requires_semantic_review
3525,71,unresolved_fragment,,unattributed,requires_semantic_review
3526,74,prose_candidate,X-0312,unattributed,requires_semantic_review
3527,8,unresolved_fragment,,unattributed,requires_semantic_review
3528,64,prose_candidate,X-0313,unattributed,requires_semantic_review
3529,67,prose_candidate,X-0314,unattributed,requires_semantic_review
3530,34,symbolic_candidate,,unattributed,requires_semantic_review
3531,71,prose_candidate,X-0315,unattributed,requires_semantic_review
3532,51,prose_candidate,X-0316,unattributed,requires_semantic_review
3533,76,prose_candidate,X-0317,unattributed,requires_semantic_review
3534,21,unresolved_fragment,,unattributed,requires_semantic_review
3535,23,unresolved_fragment,,unattributed,requires_semantic_review
3536,16,symbolic_candidate,,unattributed,requires_semantic_review
3537,65,prose_candidate,X-0318,unattributed,requires_semantic_review
3538,22,symbolic_candidate,,unattributed,requires_semantic_review
3539,35,symbolic_candidate,,unattributed,requires_semantic_review
3540,18,unresolved_fragment,,unattributed,requires_semantic_review
3541,51,prose_candidate,X-0319,unattributed,requires_semantic_review
3542,20,unresolved_fragment,,unattributed,requires_semantic_review
3543,39,prose_candidate,X-0320,unattributed,requires_semantic_review
3544,10,unresolved_fragment,,unattributed,requires_semantic_review
3545,18,symbolic_candidate,,unattributed,requires_semantic_review
3546,3,unresolved_fragment,,unattributed,requires_semantic_review
3547,76,prose_candidate,X-0321,unattributed,requires_semantic_review
3548,20,unresolved_fragment,,unattributed,requires_semantic_review
3549,43,symbolic_candidate,,unattributed,requires_semantic_review
3550,38,prose_candidate,X-0322,unattributed,requires_semantic_review
3551,32,prose_candidate,X-0323,unattributed,requires_semantic_review
3552,46,prose_candidate,X-0324,unattributed,requires_semantic_review
3553,30,symbolic_candidate,,unattributed,requires_semantic_review
3554,10,unresolved_fragment,,unattributed,requires_semantic_review
3555,73,prose_candidate,X-0325,unattributed,requires_semantic_review
3556,6,unresolved_fragment,,unattributed,requires_semantic_review
3557,11,symbolic_candidate,,unattributed,requires_semantic_review
3558,27,unresolved_fragment,,unattributed,requires_semantic_review
3559,8,unresolved_fragment,,unattributed,requires_semantic_review
3560,12,symbolic_candidate,,unattributed,requires_semantic_review
3561,13,unresolved_fragment,,unattributed,requires_semantic_review
3562,9,symbolic_candidate,,unattributed,requires_semantic_review
3563,33,prose_candidate,X-0326,dialogue_turn_unattributed,requires_semantic_review
3564,12,unresolved_fragment,,unattributed,requires_semantic_review
3565,42,symbolic_candidate,,unattributed,requires_semantic_review
3566,30,symbolic_candidate,,unattributed,requires_semantic_review
3567,7,unresolved_fragment,,unattributed,requires_semantic_review
3568,10,unresolved_fragment,,unattributed,requires_semantic_review
3569,7,unresolved_fragment,,unattributed,requires_semantic_review
3570,21,symbolic_candidate,,unattributed,requires_semantic_review
3571,21,unresolved_fragment,,unattributed,requires_semantic_review
3572,12,unresolved_fragment,,unattributed,requires_semantic_review
3573,32,symbolic_candidate,,unattributed,requires_semantic_review
3574,12,unresolved_fragment,,unattributed,requires_semantic_review
3575,57,unresolved_fragment,,unattributed,requires_semantic_review
3576,69,prose_candidate,X-0327,unattributed,requires_semantic_review
3577,11,unresolved_fragment,,unattributed,requires_semantic_review
3578,9,symbolic_candidate,,unattributed,requires_semantic_review
3579,7,unresolved_fragment,,unattributed,requires_semantic_review
3580,70,prose_candidate,X-0328,dialogue_turn_unattributed,requires_semantic_review
3581,11,unresolved_fragment,,unattributed,requires_semantic_review
3582,45,prose_candidate,X-0329,unattributed,requires_semantic_review
3583,72,prose_candidate,X-0330,unattributed,requires_semantic_review
3584,19,unresolved_fragment,,unattributed,requires_semantic_review
3585,76,prose_candidate,X-0331,unattributed,requires_semantic_review
3586,33,prose_candidate,X-0332,unattributed,requires_semantic_review
3587,69,prose_candidate,X-0333,unattributed,requires_semantic_review
3588,78,prose_candidate,X-0334,unattributed,requires_semantic_review
3589,4,unresolved_fragment,,unattributed,requires_semantic_review
3590,70,prose_candidate,X-0335,unattributed,requires_semantic_review
3591,49,prose_candidate,X-0336,unattributed,requires_semantic_review
3592,82,prose_candidate,X-0337,unattributed,requires_semantic_review
3593,42,prose_candidate,X-0338,unattributed,requires_semantic_review
3594,57,prose_candidate,X-0339,unattributed,requires_semantic_review
3595,28,symbolic_candidate,,unattributed,requires_semantic_review
3596,65,prose_candidate,X-0340,unattributed,requires_semantic_review
3597,72,prose_candidate,X-0341,unattributed,requires_semantic_review
3598,74,unresolved_fragment,,unattributed,requires_semantic_review
3599,20,symbolic_candidate,,unattributed,requires_semantic_review
3600,59,prose_candidate,X-0342,unattributed,requires_semantic_review
3601,66,prose_candidate,X-0343,unattributed,requires_semantic_review
3602,5,unresolved_fragment,,unattributed,requires_semantic_review
3603,70,prose_candidate,X-0344,unattributed,requires_semantic_review
3604,73,prose_candidate,X-0345,unattributed,requires_semantic_review
3605,46,prose_candidate,X-0346,unattributed,requires_semantic_review
3606,68,prose_candidate,X-0347,unattributed,requires_semantic_review
3607,9,unresolved_fragment,,unattributed,requires_semantic_review
3608,53,prose_candidate,X-0348,unattributed,requires_semantic_review
3609,37,unresolved_fragment,,unattributed,requires_semantic_review
3610,74,prose_candidate,X-0349,unattributed,requires_semantic_review
3611,59,prose_candidate,X-0350,unattributed,requires_semantic_review
3612,77,prose_candidate,X-0351,dialogue_turn_unattributed,requires_semantic_review
3613,14,symbolic_candidate,,unattributed,requires_semantic_review
3614,72,prose_candidate,X-0352,unattributed,requires_semantic_review
3615,71,unresolved_fragment,,unattributed,requires_semantic_review
3616,56,unresolved_fragment,,unattributed,requires_semantic_review
3617,39,symbolic_candidate,,unattributed,requires_semantic_review
3618,75,prose_candidate,X-0353,unattributed,requires_semantic_review
3619,71,prose_candidate,X-0354,unattributed,requires_semantic_review
3620,46,prose_candidate,X-0355,unattributed,requires_semantic_review
3621,34,symbolic_candidate,,unattributed,requires_semantic_review
3622,70,prose_candidate,X-0356,unattributed,requires_semantic_review
3623,14,unresolved_fragment,,unattributed,requires_semantic_review
3624,16,unresolved_fragment,,unattributed,requires_semantic_review
3625,24,unresolved_fragment,,unattributed,requires_semantic_review
3626,73,prose_candidate,X-0357,unattributed,requires_semantic_review
3627,77,prose_candidate,X-0358,unattributed,requires_semantic_review
3628,70,prose_candidate,X-0359,unattributed,requires_semantic_review
3629,76,prose_candidate,X-0360,unattributed,requires_semantic_review
3630,12,unresolved_fragment,,unattributed,requires_semantic_review
3631,45,symbolic_candidate,,unattributed,requires_semantic_review
3632,14,symbolic_candidate,,unattributed,requires_semantic_review
3633,35,prose_candidate,X-0361,unattributed,requires_semantic_review
3634,9,unresolved_fragment,,unattributed,requires_semantic_review
3635,20,symbolic_candidate,,unattributed,requires_semantic_review
3636,78,prose_candidate,X-0362,unattributed,requires_semantic_review
3637,55,prose_candidate,X-0363,unattributed,requires_semantic_review
3638,15,unresolved_fragment,,unattributed,requires_semantic_review
3639,7,unresolved_fragment,,unattributed,requires_semantic_review
3640,10,unresolved_fragment,,unattributed,requires_semantic_review
3641,14,unresolved_fragment,,unattributed,requires_semantic_review
3642,9,unresolved_fragment,,unattributed,requires_semantic_review
3643,4,unresolved_fragment,,unattributed,requires_semantic_review
3644,3,unresolved_fragment,,unattributed,requires_semantic_review
3645,5,unresolved_fragment,,unattributed,requires_semantic_review
3646,19,symbolic_candidate,,unattributed,requires_semantic_review
3647,69,prose_candidate,X-0364,dialogue_turn_unattributed,requires_semantic_review
3648,17,symbolic_candidate,,unattributed,requires_semantic_review
3649,70,prose_candidate,X-0365,dialogue_turn_unattributed,requires_semantic_review
3650,21,symbolic_candidate,,unattributed,requires_semantic_review
3651,10,unresolved_fragment,,unattributed,requires_semantic_review
3652,10,symbolic_candidate,,unattributed,requires_semantic_review
3653,74,unresolved_fragment,,unattributed,requires_semantic_review
3654,17,unresolved_fragment,,unattributed,requires_semantic_review
3655,17,symbolic_candidate,,unattributed,requires_semantic_review
3656,7,unresolved_fragment,,unattributed,requires_semantic_review
3657,15,symbolic_candidate,,unattributed,requires_semantic_review
3658,22,unresolved_fragment,,unattributed,requires_semantic_review
3659,34,prose_candidate,X-0366,unattributed,requires_semantic_review
3660,13,unresolved_fragment,,unattributed,requires_semantic_review
3661,11,symbolic_candidate,,unattributed,requires_semantic_review
3662,26,prose_candidate,X-0367,unattributed,requires_semantic_review
3663,9,unresolved_fragment,,unattributed,requires_semantic_review
3664,19,symbolic_candidate,,unattributed,requires_semantic_review
3665,8,unresolved_fragment,,unattributed,requires_semantic_review
3666,33,symbolic_candidate,,unattributed,requires_semantic_review
3667,51,prose_candidate,X-0368,dialogue_turn_unattributed,requires_semantic_review
3668,12,symbolic_candidate,,unattributed,requires_semantic_review
3669,8,symbolic_candidate,,unattributed,requires_semantic_review
3670,12,symbolic_candidate,,unattributed,requires_semantic_review
3671,10,symbolic_candidate,,unattributed,requires_semantic_review
3672,2,unresolved_fragment,,unattributed,requires_semantic_review
3673,5,unresolved_fragment,,unattributed,requires_semantic_review
3674,8,symbolic_candidate,,unattributed,requires_semantic_review
3675,36,prose_candidate,X-0369,unattributed,requires_semantic_review
3676,78,prose_candidate,X-0370,unattributed,requires_semantic_review
3677,34,unresolved_fragment,,unattributed,requires_semantic_review
3678,11,unresolved_fragment,,unattributed,requires_semantic_review
3679,17,unresolved_fragment,,unattributed,requires_semantic_review
3680,10,unresolved_fragment,,unattributed,requires_semantic_review
3681,24,symbolic_candidate,,unattributed,requires_semantic_review
3682,5,unresolved_fragment,,unattributed,requires_semantic_review
3683,2,unresolved_fragment,,unattributed,requires_semantic_review
3684,6,unresolved_fragment,,unattributed,requires_semantic_review
3685,8,symbolic_candidate,,unattributed,requires_semantic_review
3686,5,unresolved_fragment,,unattributed,requires_semantic_review
3687,7,symbolic_candidate,,unattributed,requires_semantic_review
3688,6,unresolved_fragment,,unattributed,requires_semantic_review
3689,8,symbolic_candidate,,unattributed,requires_semantic_review
3690,7,unresolved_fragment,,unattributed,requires_semantic_review
3691,10,unresolved_fragment,,unattributed,requires_semantic_review
3692,33,unresolved_fragment,,unattributed,requires_semantic_review
3693,10,unresolved_fragment,,unattributed,requires_semantic_review
3694,6,unresolved_fragment,,unattributed,requires_semantic_review
3695,4,unresolved_fragment,,unattributed,requires_semantic_review
3696,18,unresolved_fragment,,unattributed,requires_semantic_review
3697,13,unresolved_fragment,,unattributed,requires_semantic_review
3698,9,unresolved_fragment,,unattributed,requires_semantic_review
3699,1,unresolved_fragment,,unattributed,requires_semantic_review
3700,2,unresolved_fragment,,unattributed,requires_semantic_review
3701,4,unresolved_fragment,,unattributed,requires_semantic_review
3702,16,unresolved_fragment,,unattributed,requires_semantic_review
3703,21,symbolic_candidate,,unattributed,requires_semantic_review
3704,12,unresolved_fragment,,unattributed,requires_semantic_review
3705,15,unresolved_fragment,,unattributed,requires_semantic_review
3706,13,unresolved_fragment,,unattributed,requires_semantic_review
3707,67,unresolved_fragment,,unattributed,requires_semantic_review
3708,4,unresolved_fragment,,unattributed,requires_semantic_review
3709,23,symbolic_candidate,,unattributed,requires_semantic_review
3710,3,unresolved_fragment,,unattributed,requires_semantic_review
3711,2,unresolved_fragment,,unattributed,requires_semantic_review
3712,5,unresolved_fragment,,unattributed,requires_semantic_review
3713,2,unresolved_fragment,,unattributed,requires_semantic_review
3714,62,prose_candidate,X-0371,unattributed,requires_semantic_review
3715,16,unresolved_fragment,,unattributed,requires_semantic_review
3716,8,unresolved_fragment,,unattributed,requires_semantic_review
3717,11,symbolic_candidate,,unattributed,requires_semantic_review
3718,28,prose_candidate,X-0372,dialogue_turn_unattributed,requires_semantic_review
3719,56,prose_candidate,X-0373,unattributed,requires_semantic_review
3720,22,symbolic_candidate,,unattributed,requires_semantic_review
3721,17,unresolved_fragment,,unattributed,requires_semantic_review
3722,79,prose_candidate,X-0374,unattributed,requires_semantic_review
3723,67,prose_candidate,X-0375,unattributed,requires_semantic_review
3724,26,symbolic_candidate,,unattributed,requires_semantic_review
3725,7,unresolved_fragment,,unattributed,requires_semantic_review
3726,14,unresolved_fragment,,unattributed,requires_semantic_review
3727,7,unresolved_fragment,,unattributed,requires_semantic_review
3728,8,symbolic_candidate,,unattributed,requires_semantic_review
3729,69,prose_candidate,X-0376,dialogue_turn_unattributed,requires_semantic_review
3730,31,symbolic_candidate,,unattributed,requires_semantic_review
3731,15,symbolic_candidate,,unattributed,requires_semantic_review
3732,72,prose_candidate,X-0377,dialogue_turn_unattributed,requires_semantic_review
3733,13,unresolved_fragment,,unattributed,requires_semantic_review
3734,15,unresolved_fragment,,unattributed,requires_semantic_review
3735,69,prose_candidate,X-0378,dialogue_turn_unattributed,requires_semantic_review
3736,14,symbolic_candidate,,unattributed,requires_semantic_review
3737,23,symbolic_candidate,,unattributed,requires_semantic_review
3738,9,unresolved_fragment,,unattributed,requires_semantic_review
3739,70,prose_candidate,X-0379,dialogue_turn_unattributed,requires_semantic_review
3740,16,symbolic_candidate,,unattributed,requires_semantic_review
3741,11,unresolved_fragment,,unattributed,requires_semantic_review
3742,14,unresolved_fragment,,unattributed,requires_semantic_review
3743,42,prose_candidate,X-0380,dialogue_turn_unattributed,requires_semantic_review
3744,4,unresolved_fragment,,unattributed,requires_semantic_review
3745,75,prose_candidate,X-0381,unattributed,requires_semantic_review
3746,10,unresolved_fragment,,unattributed,requires_semantic_review
3747,10,unresolved_fragment,,unattributed,requires_semantic_review
3748,16,symbolic_candidate,,unattributed,requires_semantic_review
3749,10,symbolic_candidate,,unattributed,requires_semantic_review
3750,5,unresolved_fragment,,unattributed,requires_semantic_review
3751,29,unresolved_fragment,,unattributed,requires_semantic_review
3752,6,unresolved_fragment,,unattributed,requires_semantic_review
3753,10,symbolic_candidate,,unattributed,requires_semantic_review
3754,32,prose_candidate,X-0382,dialogue_turn_unattributed,requires_semantic_review
3755,11,unresolved_fragment,,unattributed,requires_semantic_review
3756,27,prose_candidate,X-0383,unattributed,requires_semantic_review
3757,13,symbolic_candidate,,unattributed,requires_semantic_review
3758,77,prose_candidate,X-0384,dialogue_turn_unattributed,requires_semantic_review
3759,11,symbolic_candidate,,unattributed,requires_semantic_review
3760,38,symbolic_candidate,,unattributed,requires_semantic_review
3761,26,symbolic_candidate,,unattributed,requires_semantic_review
3762,18,unresolved_fragment,,unattributed,requires_semantic_review
3763,12,symbolic_candidate,,unattributed,requires_semantic_review
3764,29,unresolved_fragment,,unattributed,requires_semantic_review
3765,13,symbolic_candidate,,unattributed,requires_semantic_review
3766,78,prose_candidate,X-0385,dialogue_turn_unattributed,requires_semantic_review
3767,15,unresolved_fragment,,unattributed,requires_semantic_review
3768,14,unresolved_fragment,,unattributed,requires_semantic_review
3769,15,unresolved_fragment,,unattributed,requires_semantic_review
3770,26,prose_candidate,X-0386,dialogue_turn_unattributed,requires_semantic_review
3771,7,unresolved_fragment,,unattributed,requires_semantic_review
3772,13,symbolic_candidate,,unattributed,requires_semantic_review
3773,73,prose_candidate,X-0387,dialogue_turn_unattributed,requires_semantic_review
3774,60,prose_candidate,X-0388,unattributed,requires_semantic_review
3775,77,prose_candidate,X-0389,unattributed,requires_semantic_review
3776,33,symbolic_candidate,,unattributed,requires_semantic_review
3777,21,unresolved_fragment,,unattributed,requires_semantic_review
3778,18,unresolved_fragment,,unattributed,requires_semantic_review
3779,66,prose_candidate,X-0390,unattributed,requires_semantic_review
3780,10,symbolic_candidate,,unattributed,requires_semantic_review
3781,68,prose_candidate,X-0391,dialogue_turn_unattributed,requires_semantic_review
3782,43,symbolic_candidate,,unattributed,requires_semantic_review
3783,27,symbolic_candidate,,unattributed,requires_semantic_review
3784,69,prose_candidate,X-0392,unattributed,requires_semantic_review
3785,72,prose_candidate,X-0393,unattributed,requires_semantic_review
3786,43,prose_candidate,X-0394,unattributed,requires_semantic_review
3787,5,unresolved_fragment,,unattributed,requires_semantic_review
3788,35,prose_candidate,X-0395,unattributed,requires_semantic_review
3789,61,prose_candidate,X-0396,unattributed,requires_semantic_review
3790,70,prose_candidate,X-0397,unattributed,requires_semantic_review
3791,16,unresolved_fragment,,unattributed,requires_semantic_review
3792,16,symbolic_candidate,,unattributed,requires_semantic_review
3793,25,symbolic_candidate,,unattributed,requires_semantic_review
3794,75,prose_candidate,X-0398,unattributed,requires_semantic_review
3795,72,prose_candidate,X-0399,unattributed,requires_semantic_review
3796,53,prose_candidate,X-0400,unattributed,requires_semantic_review
3797,66,prose_candidate,X-0401,unattributed,requires_semantic_review
3798,68,prose_candidate,X-0402,unattributed,requires_semantic_review
3799,5,unresolved_fragment,,unattributed,requires_semantic_review
3800,73,unresolved_fragment,,unattributed,requires_semantic_review
3801,5,unresolved_fragment,,unattributed,requires_semantic_review
3802,10,unresolved_fragment,,unattributed,requires_semantic_review
3803,73,prose_candidate,X-0403,unattributed,requires_semantic_review
3804,23,unresolved_fragment,,unattributed,requires_semantic_review
3805,65,prose_candidate,X-0404,unattributed,requires_semantic_review
3806,29,prose_candidate,X-0405,unattributed,requires_semantic_review
3807,51,unresolved_fragment,,unattributed,requires_semantic_review
3808,43,symbolic_candidate,,unattributed,requires_semantic_review
3809,18,unresolved_fragment,,unattributed,requires_semantic_review
3810,25,symbolic_candidate,,unattributed,requires_semantic_review
3811,76,prose_candidate,X-0406,dialogue_turn_unattributed,requires_semantic_review
3812,14,unresolved_fragment,,unattributed,requires_semantic_review
3813,66,prose_candidate,X-0407,unattributed,requires_semantic_review
3814,74,prose_candidate,X-0408,unattributed,requires_semantic_review
3815,74,prose_candidate,X-0409,unattributed,requires_semantic_review
3816,70,prose_candidate,X-0410,unattributed,requires_semantic_review
3817,73,prose_candidate,X-0411,unattributed,requires_semantic_review
3818,72,prose_candidate,X-0412,unattributed,requires_semantic_review
3819,44,symbolic_candidate,,unattributed,requires_semantic_review
3820,75,prose_candidate,X-0413,unattributed,requires_semantic_review
3821,12,unresolved_fragment,,unattributed,requires_semantic_review
3822,48,prose_candidate,X-0414,unattributed,requires_semantic_review
3823,70,prose_candidate,X-0415,unattributed,requires_semantic_review
3824,70,prose_candidate,X-0416,unattributed,requires_semantic_review
3825,51,prose_candidate,X-0417,unattributed,requires_semantic_review
3826,77,prose_candidate,X-0418,unattributed,requires_semantic_review
3827,76,unresolved_fragment,,unattributed,requires_semantic_review
3828,54,prose_candidate,X-0419,unattributed,requires_semantic_review
3829,38,unresolved_fragment,,unattributed,requires_semantic_review
3830,44,prose_candidate,X-0420,unattributed,requires_semantic_review
3831,43,symbolic_candidate,,unattributed,requires_semantic_review
3832,12,symbolic_candidate,,unattributed,requires_semantic_review
3833,25,symbolic_candidate,,unattributed,requires_semantic_review
3834,71,prose_candidate,X-0421,unattributed,requires_semantic_review
3835,54,prose_candidate,X-0422,unattributed,requires_semantic_review
3836,66,prose_candidate,X-0423,unattributed,requires_semantic_review
3837,39,symbolic_candidate,,unattributed,requires_semantic_review
3838,12,unresolved_fragment,,unattributed,requires_semantic_review
3839,75,prose_candidate,X-0424,dialogue_turn_unattributed,requires_semantic_review
3840,66,unresolved_fragment,,unattributed,requires_semantic_review
3841,21,unresolved_fragment,,unattributed,requires_semantic_review
3842,19,symbolic_candidate,,unattributed,requires_semantic_review
3843,28,symbolic_candidate,,unattributed,requires_semantic_review
3844,42,prose_candidate,X-0425,unattributed,requires_semantic_review
3845,54,prose_candidate,X-0426,unattributed,requires_semantic_review
3846,71,prose_candidate,X-0427,unattributed,requires_semantic_review
3847,25,symbolic_candidate,,unattributed,requires_semantic_review
3848,11,symbolic_candidate,,unattributed,requires_semantic_review
3849,7,unresolved_fragment,,unattributed,requires_semantic_review
3850,17,symbolic_candidate,,unattributed,requires_semantic_review
3851,13,unresolved_fragment,,unattributed,requires_semantic_review
3852,54,prose_candidate,X-0428,unattributed,requires_semantic_review
3853,33,prose_candidate,X-0429,unattributed,requires_semantic_review
3854,25,prose_candidate,X-0430,unattributed,requires_semantic_review
3855,19,unresolved_fragment,,unattributed,requires_semantic_review
3856,49,prose_candidate,X-0431,unattributed,requires_semantic_review
3857,80,prose_candidate,X-0432,unattributed,requires_semantic_review
3858,70,prose_candidate,X-0433,unattributed,requires_semantic_review
3859,74,unresolved_fragment,,unattributed,requires_semantic_review
3860,11,unresolved_fragment,,unattributed,requires_semantic_review
3861,73,prose_candidate,X-0434,unattributed,requires_semantic_review
3862,46,prose_candidate,X-0435,unattributed,requires_semantic_review
3863,51,prose_candidate,X-0436,unattributed,requires_semantic_review
3864,2,unresolved_fragment,,unattributed,requires_semantic_review
3865,47,prose_candidate,X-0437,unattributed,requires_semantic_review
3866,9,unresolved_fragment,,unattributed,requires_semantic_review
3867,13,symbolic_candidate,,unattributed,requires_semantic_review
3868,12,unresolved_fragment,,unattributed,requires_semantic_review
3869,10,unresolved_fragment,,unattributed,requires_semantic_review
3870,13,symbolic_candidate,,unattributed,requires_semantic_review
3871,12,unresolved_fragment,,unattributed,requires_semantic_review
3872,45,prose_candidate,X-0438,dialogue_turn_unattributed,requires_semantic_review
3873,22,symbolic_candidate,,unattributed,requires_semantic_review
3874,30,unresolved_fragment,,unattributed,requires_semantic_review
3875,50,prose_candidate,X-0439,unattributed,requires_semantic_review
3876,48,prose_candidate,X-0440,unattributed,requires_semantic_review
3877,38,symbolic_candidate,,unattributed,requires_semantic_review
3878,28,symbolic_candidate,,unattributed,requires_semantic_review
3879,48,prose_candidate,X-0441,unattributed,requires_semantic_review
3880,11,unresolved_fragment,,unattributed,requires_semantic_review
3881,48,prose_candidate,X-0442,dialogue_turn_unattributed,requires_semantic_review
3882,15,unresolved_fragment,,unattributed,requires_semantic_review
3883,61,prose_candidate,X-0443,dialogue_turn_unattributed,requires_semantic_review
3884,71,prose_candidate,X-0444,unattributed,requires_semantic_review
3885,75,prose_candidate,X-0445,unattributed,requires_semantic_review
3886,64,prose_candidate,X-0446,unattributed,requires_semantic_review
3887,75,prose_candidate,X-0447,unattributed,requires_semantic_review
3888,61,prose_candidate,X-0448,unattributed,requires_semantic_review
3889,64,prose_candidate,X-0449,unattributed,requires_semantic_review
3890,61,prose_candidate,X-0450,unattributed,requires_semantic_review
3891,12,unresolved_fragment,,unattributed,requires_semantic_review
3892,53,prose_candidate,X-0451,unattributed,requires_semantic_review
3893,73,prose_candidate,X-0452,unattributed,requires_semantic_review
3894,69,prose_candidate,X-0453,unattributed,requires_semantic_review
3895,57,unresolved_fragment,,unattributed,requires_semantic_review
3896,69,prose_candidate,X-0454,unattributed,requires_semantic_review
3897,25,symbolic_candidate,,unattributed,requires_semantic_review
3898,65,prose_candidate,X-0455,unattributed,requires_semantic_review
3899,80,prose_candidate,X-0456,unattributed,requires_semantic_review
3900,5,unresolved_fragment,,unattributed,requires_semantic_review
3901,76,prose_candidate,X-0457,unattributed,requires_semantic_review
3902,23,symbolic_candidate,,unattributed,requires_semantic_review
3903,60,prose_candidate,X-0458,unattributed,requires_semantic_review
3904,51,prose_candidate,X-0459,unattributed,requires_semantic_review
3905,72,prose_candidate,X-0460,unattributed,requires_semantic_review
3906,58,prose_candidate,X-0461,unattributed,requires_semantic_review
3907,74,prose_candidate,X-0462,unattributed,requires_semantic_review
3908,17,unresolved_fragment,,unattributed,requires_semantic_review
3909,71,prose_candidate,X-0463,unattributed,requires_semantic_review
3910,74,prose_candidate,X-0464,unattributed,requires_semantic_review
3911,32,symbolic_candidate,,unattributed,requires_semantic_review
3912,51,prose_candidate,X-0465,unattributed,requires_semantic_review
3913,54,prose_candidate,X-0466,unattributed,requires_semantic_review
3914,73,prose_candidate,X-0467,unattributed,requires_semantic_review
3915,18,symbolic_candidate,,unattributed,requires_semantic_review
3916,51,prose_candidate,X-0468,unattributed,requires_semantic_review
3917,75,prose_candidate,X-0469,unattributed,requires_semantic_review
3918,58,prose_candidate,X-0470,unattributed,requires_semantic_review
3919,39,prose_candidate,X-0471,unattributed,requires_semantic_review
3920,76,prose_candidate,X-0472,unattributed,requires_semantic_review
3921,75,prose_candidate,X-0473,unattributed,requires_semantic_review
3922,74,prose_candidate,X-0474,unattributed,requires_semantic_review
3923,74,unresolved_fragment,,unattributed,requires_semantic_review
3924,20,symbolic_candidate,,unattributed,requires_semantic_review
3925,68,prose_candidate,X-0475,unattributed,requires_semantic_review
3926,18,symbolic_candidate,,unattributed,requires_semantic_review
3927,50,prose_candidate,X-0476,unattributed,requires_semantic_review
3928,71,prose_candidate,X-0477,unattributed,requires_semantic_review
3929,40,prose_candidate,X-0478,unattributed,requires_semantic_review
3930,31,prose_candidate,X-0479,unattributed,requires_semantic_review
3931,16,unresolved_fragment,,unattributed,requires_semantic_review
3932,72,prose_candidate,X-0480,unattributed,requires_semantic_review
3933,7,unresolved_fragment,,unattributed,requires_semantic_review
3934,35,symbolic_candidate,,unattributed,requires_semantic_review
3935,34,symbolic_candidate,,unattributed,requires_semantic_review
3936,70,prose_candidate,X-0481,unattributed,requires_semantic_review
3937,75,prose_candidate,X-0482,unattributed,requires_semantic_review
3938,29,unresolved_fragment,,unattributed,requires_semantic_review
3939,56,prose_candidate,X-0483,unattributed,requires_semantic_review
3940,58,unresolved_fragment,,unattributed,requires_semantic_review
3941,35,prose_candidate,X-0484,unattributed,requires_semantic_review
3942,22,symbolic_candidate,,unattributed,requires_semantic_review
3943,74,prose_candidate,X-0485,unattributed,requires_semantic_review
3944,7,unresolved_fragment,,unattributed,requires_semantic_review
3945,62,prose_candidate,X-0486,unattributed,requires_semantic_review
3946,7,unresolved_fragment,,unattributed,requires_semantic_review
3947,47,prose_candidate,X-0487,unattributed,requires_semantic_review
3948,76,prose_candidate,X-0488,unattributed,requires_semantic_review
3949,29,symbolic_candidate,,unattributed,requires_semantic_review
3950,71,prose_candidate,X-0489,unattributed,requires_semantic_review
3951,21,unresolved_fragment,,unattributed,requires_semantic_review
3952,76,prose_candidate,X-0490,unattributed,requires_semantic_review
3953,12,unresolved_fragment,,unattributed,requires_semantic_review
3954,68,prose_candidate,X-0491,unattributed,requires_semantic_review
3955,8,unresolved_fragment,,unattributed,requires_semantic_review
3956,74,prose_candidate,X-0492,unattributed,requires_semantic_review
3957,21,unresolved_fragment,,unattributed,requires_semantic_review
3958,69,prose_candidate,X-0493,unattributed,requires_semantic_review
3959,41,prose_candidate,X-0494,unattributed,requires_semantic_review
3960,69,prose_candidate,X-0495,unattributed,requires_semantic_review
3961,14,unresolved_fragment,,unattributed,requires_semantic_review
3962,59,unresolved_fragment,,unattributed,requires_semantic_review
3963,75,prose_candidate,X-0496,unattributed,requires_semantic_review
3964,72,prose_candidate,X-0497,unattributed,requires_semantic_review
3965,70,prose_candidate,X-0498,unattributed,requires_semantic_review
3966,72,prose_candidate,X-0499,unattributed,requires_semantic_review
3967,47,prose_candidate,X-0500,unattributed,requires_semantic_review
3968,37,symbolic_candidate,,unattributed,requires_semantic_review
3969,71,prose_candidate,X-0501,unattributed,requires_semantic_review
3970,6,unresolved_fragment,,unattributed,requires_semantic_review
3971,31,prose_candidate,X-0502,unattributed,requires_semantic_review
3972,20,symbolic_candidate,,unattributed,requires_semantic_review
3973,76,prose_candidate,X-0503,unattributed,requires_semantic_review
3974,73,prose_candidate,X-0504,unattributed,requires_semantic_review
3975,30,symbolic_candidate,,unattributed,requires_semantic_review
3976,78,prose_candidate,X-0505,unattributed,requires_semantic_review
3977,39,prose_candidate,X-0506,unattributed,requires_semantic_review
3978,71,prose_candidate,X-0507,unattributed,requires_semantic_review
3979,23,symbolic_candidate,,unattributed,requires_semantic_review
3980,46,prose_candidate,X-0508,unattributed,requires_semantic_review
3981,76,prose_candidate,X-0509,unattributed,requires_semantic_review
3982,35,prose_candidate,X-0510,unattributed,requires_semantic_review
3983,57,unresolved_fragment,,unattributed,requires_semantic_review
3984,43,prose_candidate,X-0511,unattributed,requires_semantic_review
3985,40,symbolic_candidate,,unattributed,requires_semantic_review
3986,75,prose_candidate,X-0512,unattributed,requires_semantic_review
3987,73,prose_candidate,X-0513,unattributed,requires_semantic_review
3988,14,unresolved_fragment,,unattributed,requires_semantic_review
3989,72,prose_candidate,X-0514,unattributed,requires_semantic_review
3990,54,unresolved_fragment,,unattributed,requires_semantic_review
3991,61,prose_candidate,X-0515,unattributed,requires_semantic_review
3992,77,prose_candidate,X-0516,unattributed,requires_semantic_review
3993,21,unresolved_fragment,,unattributed,requires_semantic_review
3994,62,prose_candidate,X-0517,unattributed,requires_semantic_review
3995,37,prose_candidate,X-0518,unattributed,requires_semantic_review
3996,21,symbolic_candidate,,unattributed,requires_semantic_review
3997,67,prose_candidate,X-0519,unattributed,requires_semantic_review
3998,21,symbolic_candidate,,unattributed,requires_semantic_review
3999,69,prose_candidate,X-0520,unattributed,requires_semantic_review
4000,18,unresolved_fragment,,unattributed,requires_semantic_review
4001,73,prose_candidate,X-0521,unattributed,requires_semantic_review
4002,76,prose_candidate,X-0522,unattributed,requires_semantic_review
4003,51,prose_candidate,X-0523,unattributed,requires_semantic_review
4004,56,prose_candidate,X-0524,unattributed,requires_semantic_review
4005,73,prose_candidate,X-0525,unattributed,requires_semantic_review
4006,44,symbolic_candidate,,unattributed,requires_semantic_review
4007,72,prose_candidate,X-0526,unattributed,requires_semantic_review
4008,78,prose_candidate,X-0527,unattributed,requires_semantic_review
4009,76,prose_candidate,X-0528,unattributed,requires_semantic_review
4010,70,prose_candidate,X-0529,unattributed,requires_semantic_review
4011,76,prose_candidate,X-0530,unattributed,requires_semantic_review
4012,71,prose_candidate,X-0531,unattributed,requires_semantic_review
4013,36,symbolic_candidate,,unattributed,requires_semantic_review
4014,13,unresolved_fragment,,unattributed,requires_semantic_review
4015,16,unresolved_fragment,,unattributed,requires_semantic_review
4016,71,prose_candidate,X-0532,unattributed,requires_semantic_review
4017,8,unresolved_fragment,,unattributed,requires_semantic_review
4018,73,prose_candidate,X-0533,unattributed,requires_semantic_review
4019,58,prose_candidate,X-0534,unattributed,requires_semantic_review
4020,75,prose_candidate,X-0535,unattributed,requires_semantic_review
4021,14,unresolved_fragment,,unattributed,requires_semantic_review
4022,57,prose_candidate,X-0536,unattributed,requires_semantic_review
4023,67,prose_candidate,X-0537,unattributed,requires_semantic_review
4024,74,prose_candidate,X-0538,unattributed,requires_semantic_review
4025,19,symbolic_candidate,,unattributed,requires_semantic_review
4026,72,prose_candidate,X-0539,unattributed,requires_semantic_review
4027,9,unresolved_fragment,,unattributed,requires_semantic_review
4028,18,unresolved_fragment,,unattributed,requires_semantic_review
4029,62,prose_candidate,X-0540,unattributed,requires_semantic_review
4030,42,unresolved_fragment,,unattributed,requires_semantic_review
4031,71,prose_candidate,X-0541,unattributed,requires_semantic_review
4032,5,unresolved_fragment,,unattributed,requires_semantic_review
4033,73,prose_candidate,X-0542,unattributed,requires_semantic_review
4034,7,unresolved_fragment,,unattributed,requires_semantic_review
4035,62,prose_candidate,X-0543,unattributed,requires_semantic_review
4036,48,prose_candidate,X-0544,unattributed,requires_semantic_review
4037,72,prose_candidate,X-0545,unattributed,requires_semantic_review
4038,34,symbolic_candidate,,unattributed,requires_semantic_review
4039,75,prose_candidate,X-0546,unattributed,requires_semantic_review
4040,70,prose_candidate,X-0547,unattributed,requires_semantic_review
4041,79,prose_candidate,X-0548,unattributed,requires_semantic_review
4042,31,symbolic_candidate,,unattributed,requires_semantic_review
4043,46,unresolved_fragment,,unattributed,requires_semantic_review
4044,75,prose_candidate,X-0549,unattributed,requires_semantic_review
4045,78,prose_candidate,X-0550,unattributed,requires_semantic_review
4046,8,unresolved_fragment,,unattributed,requires_semantic_review
4047,26,symbolic_candidate,,unattributed,requires_semantic_review
4048,75,prose_candidate,X-0551,unattributed,requires_semantic_review
4049,24,symbolic_candidate,,unattributed,requires_semantic_review
4050,73,prose_candidate,X-0552,unattributed,requires_semantic_review
4051,76,prose_candidate,X-0553,unattributed,requires_semantic_review
4052,8,unresolved_fragment,,unattributed,requires_semantic_review
4053,56,unresolved_fragment,,unattributed,requires_semantic_review
4054,77,prose_candidate,X-0554,unattributed,requires_semantic_review
4055,72,prose_candidate,X-0555,unattributed,requires_semantic_review
4056,73,prose_candidate,X-0556,unattributed,requires_semantic_review
4057,75,prose_candidate,X-0557,unattributed,requires_semantic_review
4058,5,unresolved_fragment,,unattributed,requires_semantic_review
4059,66,prose_candidate,X-0558,unattributed,requires_semantic_review
4060,64,prose_candidate,X-0559,unattributed,requires_semantic_review
4061,72,unresolved_fragment,,unattributed,requires_semantic_review
4062,49,unresolved_fragment,,unattributed,requires_semantic_review
4063,49,prose_candidate,X-0560,unattributed,requires_semantic_review
4064,78,prose_candidate,X-0561,unattributed,requires_semantic_review
4065,78,prose_candidate,X-0562,unattributed,requires_semantic_review
4066,58,prose_candidate,X-0563,unattributed,requires_semantic_review
4067,69,prose_candidate,X-0564,unattributed,requires_semantic_review
4068,40,symbolic_candidate,,unattributed,requires_semantic_review
4069,76,prose_candidate,X-0565,unattributed,requires_semantic_review
4070,67,prose_candidate,X-0566,unattributed,requires_semantic_review
4071,74,prose_candidate,X-0567,unattributed,requires_semantic_review
4072,28,symbolic_candidate,,unattributed,requires_semantic_review
4073,48,prose_candidate,X-0568,unattributed,requires_semantic_review
4074,56,prose_candidate,X-0569,unattributed,requires_semantic_review
4075,71,prose_candidate,X-0570,unattributed,requires_semantic_review
4076,7,unresolved_fragment,,unattributed,requires_semantic_review
4077,75,prose_candidate,X-0571,unattributed,requires_semantic_review
4078,72,prose_candidate,X-0572,unattributed,requires_semantic_review
4079,7,unresolved_fragment,,unattributed,requires_semantic_review
4080,11,unresolved_fragment,,unattributed,requires_semantic_review
4081,35,unresolved_fragment,,unattributed,requires_semantic_review
4082,51,prose_candidate,X-0573,unattributed,requires_semantic_review
4083,78,prose_candidate,X-0574,unattributed,requires_semantic_review
4084,38,prose_candidate,X-0575,unattributed,requires_semantic_review
4085,50,prose_candidate,X-0576,unattributed,requires_semantic_review
4086,43,symbolic_candidate,,unattributed,requires_semantic_review
4087,67,prose_candidate,X-0577,unattributed,requires_semantic_review
4088,57,prose_candidate,X-0578,unattributed,requires_semantic_review
4089,73,prose_candidate,X-0579,unattributed,requires_semantic_review
4090,15,unresolved_fragment,,unattributed,requires_semantic_review
4091,67,prose_candidate,X-0580,unattributed,requires_semantic_review
4092,62,prose_candidate,X-0581,unattributed,requires_semantic_review
4093,71,prose_candidate,X-0582,unattributed,requires_semantic_review
4094,9,unresolved_fragment,,unattributed,requires_semantic_review
4095,72,prose_candidate,X-0583,unattributed,requires_semantic_review
4096,6,unresolved_fragment,,unattributed,requires_semantic_review
4097,55,prose_candidate,X-0584,unattributed,requires_semantic_review
4098,76,prose_candidate,X-0585,unattributed,requires_semantic_review
4099,40,prose_candidate,X-0586,unattributed,requires_semantic_review
4100,48,prose_candidate,X-0587,unattributed,requires_semantic_review
4101,31,prose_candidate,X-0588,unattributed,requires_semantic_review
4102,75,prose_candidate,X-0589,unattributed,requires_semantic_review
4103,73,prose_candidate,X-0590,unattributed,requires_semantic_review
4104,8,unresolved_fragment,,unattributed,requires_semantic_review
4105,37,prose_candidate,X-0591,unattributed,requires_semantic_review
4106,74,prose_candidate,X-0592,unattributed,requires_semantic_review
4107,76,prose_candidate,X-0593,unattributed,requires_semantic_review
4108,30,symbolic_candidate,,unattributed,requires_semantic_review
4109,55,prose_candidate,X-0594,unattributed,requires_semantic_review
4110,74,prose_candidate,X-0595,unattributed,requires_semantic_review
4111,41,symbolic_candidate,,unattributed,requires_semantic_review
4112,63,prose_candidate,X-0596,unattributed,requires_semantic_review
4113,27,symbolic_candidate,,unattributed,requires_semantic_review
4114,23,unresolved_fragment,,unattributed,requires_semantic_review
4115,71,prose_candidate,X-0597,unattributed,requires_semantic_review
4116,6,unresolved_fragment,,unattributed,requires_semantic_review
4117,74,prose_candidate,X-0598,unattributed,requires_semantic_review
4118,6,unresolved_fragment,,unattributed,requires_semantic_review
4119,75,prose_candidate,X-0599,unattributed,requires_semantic_review
4120,60,prose_candidate,X-0600,unattributed,requires_semantic_review
4121,75,prose_candidate,X-0601,unattributed,requires_semantic_review
4122,69,prose_candidate,X-0602,unattributed,requires_semantic_review
4123,75,prose_candidate,X-0603,unattributed,requires_semantic_review
4124,6,unresolved_fragment,,unattributed,requires_semantic_review
4125,75,prose_candidate,X-0604,unattributed,requires_semantic_review
4126,26,symbolic_candidate,,unattributed,requires_semantic_review
4127,44,symbolic_candidate,,unattributed,requires_semantic_review
4128,62,prose_candidate,X-0605,unattributed,requires_semantic_review
4129,73,prose_candidate,X-0606,unattributed,requires_semantic_review
4130,16,unresolved_fragment,,unattributed,requires_semantic_review
4131,74,prose_candidate,X-0607,unattributed,requires_semantic_review
4132,67,prose_candidate,X-0608,unattributed,requires_semantic_review
4133,36,prose_candidate,X-0609,unattributed,requires_semantic_review
4134,71,prose_candidate,X-0610,unattributed,requires_semantic_review
4135,73,prose_candidate,X-0611,unattributed,requires_semantic_review
4136,72,prose_candidate,X-0612,unattributed,requires_semantic_review
4137,38,prose_candidate,X-0613,unattributed,requires_semantic_review
4138,4,unresolved_fragment,,unattributed,requires_semantic_review
4139,61,prose_candidate,X-0614,unattributed,requires_semantic_review
4140,71,prose_candidate,X-0615,unattributed,requires_semantic_review
4141,73,prose_candidate,X-0616,unattributed,requires_semantic_review
4142,59,prose_candidate,X-0617,unattributed,requires_semantic_review
4143,16,unresolved_fragment,,unattributed,requires_semantic_review
4144,32,symbolic_candidate,,unattributed,requires_semantic_review
4145,75,prose_candidate,X-0618,unattributed,requires_semantic_review
4146,75,prose_candidate,X-0619,unattributed,requires_semantic_review
4147,8,unresolved_fragment,,unattributed,requires_semantic_review
4148,76,prose_candidate,X-0620,unattributed,requires_semantic_review
4149,75,prose_candidate,X-0621,unattributed,requires_semantic_review
4150,75,prose_candidate,X-0622,unattributed,requires_semantic_review
4151,12,unresolved_fragment,,unattributed,requires_semantic_review
4152,73,unresolved_fragment,,unattributed,requires_semantic_review
4153,71,prose_candidate,X-0623,unattributed,requires_semantic_review
4154,28,prose_candidate,X-0624,unattributed,requires_semantic_review
4155,69,prose_candidate,X-0625,unattributed,requires_semantic_review
4156,73,unresolved_fragment,,unattributed,requires_semantic_review
4157,32,symbolic_candidate,,unattributed,requires_semantic_review
4158,30,prose_candidate,X-0626,unattributed,requires_semantic_review
4159,40,symbolic_candidate,,unattributed,requires_semantic_review
4160,21,unresolved_fragment,,unattributed,requires_semantic_review
4161,62,prose_candidate,X-0627,unattributed,requires_semantic_review
4162,41,prose_candidate,X-0628,unattributed,requires_semantic_review
4163,34,symbolic_candidate,,unattributed,requires_semantic_review
4164,44,symbolic_candidate,,unattributed,requires_semantic_review
4165,22,unresolved_fragment,,unattributed,requires_semantic_review
4166,69,prose_candidate,X-0629,unattributed,requires_semantic_review
4167,71,prose_candidate,X-0630,unattributed,requires_semantic_review
4168,61,prose_candidate,X-0631,unattributed,requires_semantic_review
4169,67,prose_candidate,X-0632,unattributed,requires_semantic_review
4170,74,prose_candidate,X-0633,unattributed,requires_semantic_review
4171,4,unresolved_fragment,,unattributed,requires_semantic_review
4172,79,prose_candidate,X-0634,unattributed,requires_semantic_review
4173,71,prose_candidate,X-0635,unattributed,requires_semantic_review
4174,67,prose_candidate,X-0636,unattributed,requires_semantic_review
4175,38,symbolic_candidate,,unattributed,requires_semantic_review
4176,64,prose_candidate,X-0637,unattributed,requires_semantic_review
4177,54,prose_candidate,X-0638,unattributed,requires_semantic_review
4178,72,prose_candidate,X-0639,unattributed,requires_semantic_review
4179,9,unresolved_fragment,,unattributed,requires_semantic_review
4180,70,unresolved_fragment,,unattributed,requires_semantic_review
4181,69,unresolved_fragment,,unattributed,requires_semantic_review
4182,67,unresolved_fragment,,unattributed,requires_semantic_review
4183,13,unresolved_fragment,,unattributed,requires_semantic_review
4184,36,prose_candidate,X-0640,unattributed,requires_semantic_review
4185,28,symbolic_candidate,,unattributed,requires_semantic_review
4186,32,prose_candidate,X-0641,unattributed,requires_semantic_review
4187,78,unresolved_fragment,,unattributed,requires_semantic_review
4188,70,unresolved_fragment,,unattributed,requires_semantic_review
4189,71,prose_candidate,X-0642,unattributed,requires_semantic_review
4190,4,unresolved_fragment,,unattributed,requires_semantic_review
4191,18,unresolved_fragment,,unattributed,requires_semantic_review
4192,77,prose_candidate,X-0643,unattributed,requires_semantic_review
4193,69,prose_candidate,X-0644,unattributed,requires_semantic_review
4194,75,prose_candidate,X-0645,unattributed,requires_semantic_review
4195,61,prose_candidate,X-0646,unattributed,requires_semantic_review
4196,42,symbolic_candidate,,unattributed,requires_semantic_review
4197,40,prose_candidate,X-0647,unattributed,requires_semantic_review
4198,27,unresolved_fragment,,unattributed,requires_semantic_review
4199,73,prose_candidate,X-0648,unattributed,requires_semantic_review
4200,30,symbolic_candidate,,unattributed,requires_semantic_review
4201,41,symbolic_candidate,,unattributed,requires_semantic_review
4202,43,symbolic_candidate,,unattributed,requires_semantic_review
4203,72,prose_candidate,X-0649,unattributed,requires_semantic_review
4204,4,unresolved_fragment,,unattributed,requires_semantic_review
4205,36,prose_candidate,X-0650,unattributed,requires_semantic_review
4206,46,prose_candidate,X-0651,unattributed,requires_semantic_review
4207,78,prose_candidate,X-0652,unattributed,requires_semantic_review
4208,2,unresolved_fragment,,unattributed,requires_semantic_review
4209,78,prose_candidate,X-0653,unattributed,requires_semantic_review
4210,19,unresolved_fragment,,unattributed,requires_semantic_review
4211,9,symbolic_candidate,,unattributed,requires_semantic_review
4212,43,symbolic_candidate,,unattributed,requires_semantic_review
4213,14,symbolic_candidate,,unattributed,requires_semantic_review
4214,38,prose_candidate,X-0654,unattributed,requires_semantic_review
4215,14,unresolved_fragment,,unattributed,requires_semantic_review
4216,13,unresolved_fragment,,unattributed,requires_semantic_review
4217,65,prose_candidate,X-0655,unattributed,requires_semantic_review
4218,43,prose_candidate,X-0656,unattributed,requires_semantic_review
4219,67,prose_candidate,X-0657,unattributed,requires_semantic_review
4220,75,prose_candidate,X-0658,unattributed,requires_semantic_review
4221,7,unresolved_fragment,,unattributed,requires_semantic_review
4222,73,prose_candidate,X-0659,unattributed,requires_semantic_review
4223,78,prose_candidate,X-0660,unattributed,requires_semantic_review
4224,71,unresolved_fragment,,unattributed,requires_semantic_review
4225,66,prose_candidate,X-0661,unattributed,requires_semantic_review
4226,18,unresolved_fragment,,unattributed,requires_semantic_review
4227,5,unresolved_fragment,,unattributed,requires_semantic_review
4228,66,prose_candidate,X-0662,unattributed,requires_semantic_review
4229,12,unresolved_fragment,,unattributed,requires_semantic_review
4230,56,prose_candidate,X-0663,unattributed,requires_semantic_review
4231,25,unresolved_fragment,,unattributed,requires_semantic_review
4232,71,prose_candidate,X-0664,unattributed,requires_semantic_review
4233,30,symbolic_candidate,,unattributed,requires_semantic_review
4234,21,unresolved_fragment,,unattributed,requires_semantic_review
4235,33,symbolic_candidate,,unattributed,requires_semantic_review
4236,26,prose_candidate,X-0665,unattributed,requires_semantic_review
4237,27,prose_candidate,X-0666,unattributed,requires_semantic_review
4238,34,symbolic_candidate,,unattributed,requires_semantic_review
4239,71,prose_candidate,X-0667,unattributed,requires_semantic_review
4240,13,unresolved_fragment,,unattributed,requires_semantic_review
4241,70,prose_candidate,X-0668,unattributed,requires_semantic_review
4242,37,symbolic_candidate,,unattributed,requires_semantic_review
4243,74,prose_candidate,X-0669,unattributed,requires_semantic_review
4244,17,unresolved_fragment,,unattributed,requires_semantic_review
4245,28,prose_candidate,X-0670,unattributed,requires_semantic_review
4246,26,prose_candidate,X-0671,unattributed,requires_semantic_review
4247,9,unresolved_fragment,,unattributed,requires_semantic_review
4248,8,unresolved_fragment,,unattributed,requires_semantic_review
4249,10,unresolved_fragment,,unattributed,requires_semantic_review
4250,14,symbolic_candidate,,unattributed,requires_semantic_review
4251,7,unresolved_fragment,,unattributed,requires_semantic_review
4252,76,prose_candidate,X-0672,dialogue_turn_unattributed,requires_semantic_review
4253,4,unresolved_fragment,,unattributed,requires_semantic_review
4254,66,prose_candidate,X-0673,unattributed,requires_semantic_review
4255,11,symbolic_candidate,,unattributed,requires_semantic_review
4256,17,unresolved_fragment,,unattributed,requires_semantic_review
4257,10,symbolic_candidate,,unattributed,requires_semantic_review
4258,15,unresolved_fragment,,unattributed,requires_semantic_review
4259,74,prose_candidate,X-0674,unattributed,requires_semantic_review
4260,9,unresolved_fragment,,unattributed,requires_semantic_review
4261,35,prose_candidate,X-0675,unattributed,requires_semantic_review
4262,65,prose_candidate,X-0676,unattributed,requires_semantic_review
4263,60,unresolved_fragment,,unattributed,requires_semantic_review
4264,16,unresolved_fragment,,unattributed,requires_semantic_review
4265,52,prose_candidate,X-0677,unattributed,requires_semantic_review
4266,67,prose_candidate,X-0678,unattributed,requires_semantic_review
4267,71,unresolved_fragment,,unattributed,requires_semantic_review
4268,5,unresolved_fragment,,unattributed,requires_semantic_review
4269,9,unresolved_fragment,,unattributed,requires_semantic_review
4270,20,unresolved_fragment,,unattributed,requires_semantic_review
4271,69,prose_candidate,X-0679,unattributed,requires_semantic_review
4272,73,prose_candidate,X-0680,unattributed,requires_semantic_review
4273,17,unresolved_fragment,,unattributed,requires_semantic_review
4274,80,prose_candidate,X-0681,unattributed,requires_semantic_review
4275,48,unresolved_fragment,,unattributed,requires_semantic_review
4276,32,symbolic_candidate,,unattributed,requires_semantic_review
4277,77,prose_candidate,X-0682,unattributed,requires_semantic_review
4278,41,prose_candidate,X-0683,unattributed,requires_semantic_review
4279,28,prose_candidate,X-0684,unattributed,requires_semantic_review
4280,30,symbolic_candidate,,unattributed,requires_semantic_review
4281,46,prose_candidate,X-0685,unattributed,requires_semantic_review
4282,34,unresolved_fragment,,unattributed,requires_semantic_review
4283,35,symbolic_candidate,,unattributed,requires_semantic_review
4284,33,prose_candidate,X-0686,unattributed,requires_semantic_review
4285,19,symbolic_candidate,,unattributed,requires_semantic_review
4286,24,prose_candidate,X-0687,dialogue_turn_unattributed,requires_semantic_review
4287,13,symbolic_candidate,,unattributed,requires_semantic_review
4288,28,prose_candidate,X-0688,dialogue_turn_unattributed,requires_semantic_review
4289,72,prose_candidate,X-0689,unattributed,requires_semantic_review
4290,25,symbolic_candidate,,unattributed,requires_semantic_review
4291,45,symbolic_candidate,,unattributed,requires_semantic_review
4292,46,prose_candidate,X-0690,unattributed,requires_semantic_review
4293,32,symbolic_candidate,,unattributed,requires_semantic_review
4294,31,symbolic_candidate,,unattributed,requires_semantic_review
4295,76,unresolved_fragment,,unattributed,requires_semantic_review
4296,7,unresolved_fragment,,unattributed,requires_semantic_review
4297,48,unresolved_fragment,,unattributed,requires_semantic_review
4298,45,symbolic_candidate,,unattributed,requires_semantic_review
4299,40,unresolved_fragment,,unattributed,requires_semantic_review
4300,68,unresolved_fragment,,unattributed,requires_semantic_review
4301,18,symbolic_candidate,,unattributed,requires_semantic_review
4302,40,unresolved_fragment,,unattributed,requires_semantic_review
4303,38,symbolic_candidate,,unattributed,requires_semantic_review
4304,44,unresolved_fragment,,unattributed,requires_semantic_review
4305,72,unresolved_fragment,,unattributed,requires_semantic_review
4306,22,unresolved_fragment,,unattributed,requires_semantic_review
4307,30,unresolved_fragment,,unattributed,requires_semantic_review
4308,30,unresolved_fragment,,unattributed,requires_semantic_review
4309,57,unresolved_fragment,,unattributed,requires_semantic_review
4310,12,unresolved_fragment,,unattributed,requires_semantic_review
4311,70,unresolved_fragment,,unattributed,requires_semantic_review
4312,71,unresolved_fragment,,unattributed,requires_semantic_review
4313,50,unresolved_fragment,,unattributed,requires_semantic_review
4314,73,unresolved_fragment,,unattributed,requires_semantic_review
4315,4,unresolved_fragment,,unattributed,requires_semantic_review
4316,20,symbolic_candidate,,unattributed,requires_semantic_review
4317,31,symbolic_candidate,,unattributed,requires_semantic_review
4318,71,prose_candidate,X-0691,unattributed,requires_semantic_review
4319,76,prose_candidate,X-0692,unattributed,requires_semantic_review
4320,6,unresolved_fragment,,unattributed,requires_semantic_review
4321,79,prose_candidate,X-0693,unattributed,requires_semantic_review
4322,16,symbolic_candidate,,unattributed,requires_semantic_review
4323,75,prose_candidate,X-0694,unattributed,requires_semantic_review
4324,38,prose_candidate,X-0695,unattributed,requires_semantic_review
4325,71,prose_candidate,X-0696,unattributed,requires_semantic_review
4326,12,unresolved_fragment,,unattributed,requires_semantic_review
4327,41,prose_candidate,X-0697,unattributed,requires_semantic_review
4328,26,symbolic_candidate,,unattributed,requires_semantic_review
4329,17,symbolic_candidate,,unattributed,requires_semantic_review
4330,26,prose_candidate,X-0698,dialogue_turn_unattributed,requires_semantic_review
4331,14,unresolved_fragment,,unattributed,requires_semantic_review
4332,26,symbolic_candidate,,unattributed,requires_semantic_review
4333,39,symbolic_candidate,,unattributed,requires_semantic_review
4334,13,unresolved_fragment,,unattributed,requires_semantic_review
4335,6,unresolved_fragment,,unattributed,requires_semantic_review
4336,73,prose_candidate,X-0699,unattributed,requires_semantic_review
4337,75,prose_candidate,X-0700,unattributed,requires_semantic_review
4338,41,unresolved_fragment,,unattributed,requires_semantic_review
4339,73,prose_candidate,X-0701,unattributed,requires_semantic_review
4340,60,prose_candidate,X-0702,unattributed,requires_semantic_review
4341,60,prose_candidate,X-0703,unattributed,requires_semantic_review
4342,74,prose_candidate,X-0704,unattributed,requires_semantic_review
4343,73,prose_candidate,X-0705,unattributed,requires_semantic_review
4344,34,prose_candidate,X-0706,unattributed,requires_semantic_review
4345,69,prose_candidate,X-0707,unattributed,requires_semantic_review
4346,75,prose_candidate,X-0708,unattributed,requires_semantic_review
4347,47,unresolved_fragment,,unattributed,requires_semantic_review
4348,46,prose_candidate,X-0709,unattributed,requires_semantic_review
4349,30,prose_candidate,X-0710,unattributed,requires_semantic_review
4350,45,symbolic_candidate,,unattributed,requires_semantic_review
4351,43,prose_candidate,X-0711,unattributed,requires_semantic_review
4352,76,prose_candidate,X-0712,unattributed,requires_semantic_review
4353,13,unresolved_fragment,,unattributed,requires_semantic_review
4354,63,prose_candidate,X-0713,unattributed,requires_semantic_review
4355,44,prose_candidate,X-0714,unattributed,requires_semantic_review
4356,49,prose_candidate,X-0715,unattributed,requires_semantic_review
4357,72,prose_candidate,X-0716,unattributed,requires_semantic_review
4358,8,unresolved_fragment,,unattributed,requires_semantic_review
4359,72,prose_candidate,X-0717,unattributed,requires_semantic_review
4360,72,unresolved_fragment,,unattributed,requires_semantic_review
4361,45,symbolic_candidate,,unattributed,requires_semantic_review
4362,77,prose_candidate,X-0718,unattributed,requires_semantic_review
4363,70,unresolved_fragment,,unattributed,requires_semantic_review
4364,74,unresolved_fragment,,unattributed,requires_semantic_review
4365,20,unresolved_fragment,,unattributed,requires_semantic_review
4366,31,prose_candidate,X-0719,unattributed,requires_semantic_review
4367,75,prose_candidate,X-0720,unattributed,requires_semantic_review
4368,45,symbolic_candidate,,unattributed,requires_semantic_review
4369,29,symbolic_candidate,,unattributed,requires_semantic_review
4370,4,unresolved_fragment,,unattributed,requires_semantic_review
4371,45,symbolic_candidate,,unattributed,requires_semantic_review
4372,74,prose_candidate,X-0721,unattributed,requires_semantic_review
4373,22,unresolved_fragment,,unattributed,requires_semantic_review
4374,67,prose_candidate,X-0722,unattributed,requires_semantic_review
4375,13,unresolved_fragment,,unattributed,requires_semantic_review
4376,77,prose_candidate,X-0723,unattributed,requires_semantic_review
4377,23,symbolic_candidate,,unattributed,requires_semantic_review
4378,8,unresolved_fragment,,unattributed,requires_semantic_review
4379,46,prose_candidate,X-0724,unattributed,requires_semantic_review
4380,61,prose_candidate,X-0725,unattributed,requires_semantic_review
4381,50,prose_candidate,X-0726,unattributed,requires_semantic_review
4382,42,symbolic_candidate,,unattributed,requires_semantic_review
4383,71,prose_candidate,X-0727,unattributed,requires_semantic_review
4384,55,prose_candidate,X-0728,unattributed,requires_semantic_review
4385,24,symbolic_candidate,,unattributed,requires_semantic_review
4386,22,unresolved_fragment,,unattributed,requires_semantic_review
4387,20,unresolved_fragment,,unattributed,requires_semantic_review
4388,53,prose_candidate,X-0729,unattributed,requires_semantic_review
4389,69,prose_candidate,X-0730,unattributed,requires_semantic_review
4390,3,unresolved_fragment,,unattributed,requires_semantic_review
4391,72,prose_candidate,X-0731,dialogue_turn_unattributed,requires_semantic_review
4392,75,prose_candidate,X-0732,unattributed,requires_semantic_review
4393,78,prose_candidate,X-0733,unattributed,requires_semantic_review
4394,49,prose_candidate,X-0734,unattributed,requires_semantic_review
4395,71,prose_candidate,X-0735,unattributed,requires_semantic_review
4396,55,prose_candidate,X-0736,unattributed,requires_semantic_review
4397,7,unresolved_fragment,,unattributed,requires_semantic_review
4398,16,unresolved_fragment,,unattributed,requires_semantic_review
4399,49,prose_candidate,X-0737,unattributed,requires_semantic_review
4400,3,unresolved_fragment,,unattributed,requires_semantic_review
4401,21,unresolved_fragment,,unattributed,requires_semantic_review
4402,35,prose_candidate,X-0738,unattributed,requires_semantic_review
4403,9,unresolved_fragment,,unattributed,requires_semantic_review
4404,20,unresolved_fragment,,unattributed,requires_semantic_review
4405,28,symbolic_candidate,,unattributed,requires_semantic_review
4406,18,symbolic_candidate,,unattributed,requires_semantic_review
4407,22,symbolic_candidate,,unattributed,requires_semantic_review
4408,74,prose_candidate,X-0739,dialogue_turn_unattributed,requires_semantic_review
4409,34,prose_candidate,X-0740,unattributed,requires_semantic_review
4410,14,symbolic_candidate,,unattributed,requires_semantic_review
4411,73,prose_candidate,X-0741,dialogue_turn_unattributed,requires_semantic_review
4412,18,symbolic_candidate,,unattributed,requires_semantic_review
4413,60,prose_candidate,X-0742,unattributed,requires_semantic_review
4414,12,symbolic_candidate,,unattributed,requires_semantic_review
4415,40,symbolic_candidate,,unattributed,requires_semantic_review
4416,20,symbolic_candidate,,unattributed,requires_semantic_review
4417,27,prose_candidate,X-0743,unattributed,requires_semantic_review
4418,68,prose_candidate,X-0744,unattributed,requires_semantic_review
4419,73,prose_candidate,X-0745,unattributed,requires_semantic_review
4420,73,prose_candidate,X-0746,unattributed,requires_semantic_review
4421,80,prose_candidate,X-0747,unattributed,requires_semantic_review
4422,33,prose_candidate,X-0748,unattributed,requires_semantic_review
4423,14,unresolved_fragment,,unattributed,requires_semantic_review
4424,13,symbolic_candidate,,unattributed,requires_semantic_review
4425,48,prose_candidate,X-0749,dialogue_turn_unattributed,requires_semantic_review
4426,70,prose_candidate,X-0750,unattributed,requires_semantic_review
4427,17,unresolved_fragment,,unattributed,requires_semantic_review
4428,28,symbolic_candidate,,unattributed,requires_semantic_review
4429,19,unresolved_fragment,,unattributed,requires_semantic_review
4430,31,symbolic_candidate,,unattributed,requires_semantic_review
4431,47,unresolved_fragment,,unattributed,requires_semantic_review
4432,74,unresolved_fragment,,unattributed,requires_semantic_review
4433,4,unresolved_fragment,,unattributed,requires_semantic_review
4434,29,unresolved_fragment,,unattributed,requires_semantic_review
4435,55,unresolved_fragment,,unattributed,requires_semantic_review
4436,13,unresolved_fragment,,unattributed,requires_semantic_review
4437,13,unresolved_fragment,,unattributed,requires_semantic_review
4438,17,unresolved_fragment,,unattributed,requires_semantic_review
4439,15,unresolved_fragment,,unattributed,requires_semantic_review
4440,54,unresolved_fragment,,unattributed,requires_semantic_review
4441,5,symbolic_candidate,,unattributed,requires_semantic_review
4442,40,prose_candidate,X-0751,dialogue_turn_unattributed,requires_semantic_review
4443,72,unresolved_fragment,,unattributed,requires_semantic_review
4444,30,unresolved_fragment,,unattributed,requires_semantic_review
4445,72,unresolved_fragment,,unattributed,requires_semantic_review
4446,53,unresolved_fragment,,unattributed,requires_semantic_review
4447,24,symbolic_candidate,,unattributed,requires_semantic_review
4448,71,unresolved_fragment,,unattributed,requires_semantic_review
4449,72,unresolved_fragment,,unattributed,requires_semantic_review
4450,27,unresolved_fragment,,unattributed,requires_semantic_review
4451,14,unresolved_fragment,,unattributed,requires_semantic_review
4452,16,unresolved_fragment,,unattributed,requires_semantic_review
4453,67,unresolved_fragment,,unattributed,requires_semantic_review
4454,23,symbolic_candidate,,unattributed,requires_semantic_review
4455,28,unresolved_fragment,,unattributed,requires_semantic_review
4456,43,symbolic_candidate,,unattributed,requires_semantic_review
4457,72,unresolved_fragment,,unattributed,requires_semantic_review
4458,21,symbolic_candidate,,unattributed,requires_semantic_review
4459,75,unresolved_fragment,,unattributed,requires_semantic_review
4460,10,unresolved_fragment,,unattributed,requires_semantic_review
4461,74,unresolved_fragment,,unattributed,requires_semantic_review
4462,23,unresolved_fragment,,unattributed,requires_semantic_review
4463,23,unresolved_fragment,,unattributed,requires_semantic_review
4464,59,prose_candidate,X-0752,unattributed,requires_semantic_review
4465,35,symbolic_candidate,,unattributed,requires_semantic_review
4466,72,unresolved_fragment,,unattributed,requires_semantic_review
4467,33,symbolic_candidate,,unattributed,requires_semantic_review
4468,69,prose_candidate,X-0753,unattributed,requires_semantic_review
4469,21,unresolved_fragment,,unattributed,requires_semantic_review
4470,75,unresolved_fragment,,unattributed,requires_semantic_review
4471,75,unresolved_fragment,,unattributed,requires_semantic_review
4472,56,unresolved_fragment,,unattributed,requires_semantic_review
4473,59,unresolved_fragment,,unattributed,requires_semantic_review
4474,56,unresolved_fragment,,unattributed,requires_semantic_review
4475,73,unresolved_fragment,,unattributed,requires_semantic_review
4476,41,symbolic_candidate,,unattributed,requires_semantic_review
4477,66,unresolved_fragment,,unattributed,requires_semantic_review
4478,23,symbolic_candidate,,unattributed,requires_semantic_review
4479,51,unresolved_fragment,,unattributed,requires_semantic_review
4480,53,unresolved_fragment,,unattributed,requires_semantic_review
4481,16,unresolved_fragment,,unattributed,requires_semantic_review
4482,69,unresolved_fragment,,unattributed,requires_semantic_review
4483,68,unresolved_fragment,,unattributed,requires_semantic_review
4484,50,prose_candidate,X-0754,unattributed,requires_semantic_review
4485,73,unresolved_fragment,,unattributed,requires_semantic_review
4486,4,unresolved_fragment,,unattributed,requires_semantic_review
4487,66,unresolved_fragment,,unattributed,requires_semantic_review
4488,73,unresolved_fragment,,unattributed,requires_semantic_review
4489,55,unresolved_fragment,,unattributed,requires_semantic_review
4490,54,unresolved_fragment,,unattributed,requires_semantic_review
4491,18,symbolic_candidate,,unattributed,requires_semantic_review
4492,77,unresolved_fragment,,unattributed,requires_semantic_review
4493,24,symbolic_candidate,,unattributed,requires_semantic_review
4494,72,unresolved_fragment,,unattributed,requires_semantic_review
4495,14,unresolved_fragment,,unattributed,requires_semantic_review
4496,20,symbolic_candidate,,unattributed,requires_semantic_review
4497,72,unresolved_fragment,,unattributed,requires_semantic_review
4498,39,unresolved_fragment,,unattributed,requires_semantic_review
4499,20,unresolved_fragment,,unattributed,requires_semantic_review
4500,66,prose_candidate,X-0755,unattributed,requires_semantic_review
4501,45,symbolic_candidate,,unattributed,requires_semantic_review
4502,24,symbolic_candidate,,unattributed,requires_semantic_review
4503,31,symbolic_candidate,,unattributed,requires_semantic_review
4504,67,unresolved_fragment,,unattributed,requires_semantic_review
4505,46,unresolved_fragment,,unattributed,requires_semantic_review
4506,43,symbolic_candidate,,unattributed,requires_semantic_review
4507,75,prose_candidate,X-0756,unattributed,requires_semantic_review
4508,72,unresolved_fragment,,unattributed,requires_semantic_review
4509,65,unresolved_fragment,,unattributed,requires_semantic_review
4510,12,unresolved_fragment,,unattributed,requires_semantic_review
4511,47,unresolved_fragment,,unattributed,requires_semantic_review
4512,51,unresolved_fragment,,unattributed,requires_semantic_review
4513,71,unresolved_fragment,,unattributed,requires_semantic_review
4514,78,unresolved_fragment,,unattributed,requires_semantic_review
4515,52,prose_candidate,X-0757,unattributed,requires_semantic_review
4516,8,unresolved_fragment,,unattributed,requires_semantic_review
4517,65,prose_candidate,X-0758,unattributed,requires_semantic_review
4518,34,symbolic_candidate,,unattributed,requires_semantic_review
4519,19,unresolved_fragment,,unattributed,requires_semantic_review
4520,27,symbolic_candidate,,unattributed,requires_semantic_review
4521,49,unresolved_fragment,,unattributed,requires_semantic_review
4522,21,unresolved_fragment,,unattributed,requires_semantic_review
4523,75,unresolved_fragment,,unattributed,requires_semantic_review
4524,3,unresolved_fragment,,unattributed,requires_semantic_review
4525,77,unresolved_fragment,,unattributed,requires_semantic_review
4526,27,unresolved_fragment,,unattributed,requires_semantic_review
4527,51,unresolved_fragment,,unattributed,requires_semantic_review
4528,67,unresolved_fragment,,unattributed,requires_semantic_review
4529,12,symbolic_candidate,,unattributed,requires_semantic_review
4530,11,symbolic_candidate,,unattributed,requires_semantic_review
4531,49,unresolved_fragment,,unattributed,requires_semantic_review
4532,16,symbolic_candidate,,unattributed,requires_semantic_review
4533,35,symbolic_candidate,,unattributed,requires_semantic_review
4534,27,symbolic_candidate,,unattributed,requires_semantic_review
4535,16,unresolved_fragment,,unattributed,requires_semantic_review
4536,73,unresolved_fragment,,unattributed,requires_semantic_review
4537,16,unresolved_fragment,,unattributed,requires_semantic_review
4538,52,unresolved_fragment,,unattributed,requires_semantic_review
4539,62,unresolved_fragment,,unattributed,requires_semantic_review
4540,67,unresolved_fragment,,unattributed,requires_semantic_review
4541,15,symbolic_candidate,,unattributed,requires_semantic_review
4542,52,unresolved_fragment,,unattributed,requires_semantic_review
4543,74,unresolved_fragment,,unattributed,requires_semantic_review
4544,41,symbolic_candidate,,unattributed,requires_semantic_review
4545,30,symbolic_candidate,,unattributed,requires_semantic_review
4546,4,unresolved_fragment,,unattributed,requires_semantic_review
4547,47,prose_candidate,X-0759,unattributed,requires_semantic_review
4548,18,symbolic_candidate,,unattributed,requires_semantic_review
4549,64,unresolved_fragment,,unattributed,requires_semantic_review
4550,74,unresolved_fragment,,unattributed,requires_semantic_review
4551,62,prose_candidate,X-0760,unattributed,requires_semantic_review
4552,69,unresolved_fragment,,unattributed,requires_semantic_review
4553,43,symbolic_candidate,,unattributed,requires_semantic_review
4554,39,symbolic_candidate,,unattributed,requires_semantic_review
4555,79,unresolved_fragment,,unattributed,requires_semantic_review
4556,36,symbolic_candidate,,unattributed,requires_semantic_review
4557,67,unresolved_fragment,,unattributed,requires_semantic_review
4558,8,unresolved_fragment,,unattributed,requires_semantic_review
4559,31,symbolic_candidate,,unattributed,requires_semantic_review
4560,32,unresolved_fragment,,unattributed,requires_semantic_review
4561,72,prose_candidate,X-0761,unattributed,requires_semantic_review
4562,73,unresolved_fragment,,unattributed,requires_semantic_review
4563,53,unresolved_fragment,,unattributed,requires_semantic_review
4564,57,unresolved_fragment,,unattributed,requires_semantic_review
4565,20,unresolved_fragment,,unattributed,requires_semantic_review
4566,37,symbolic_candidate,,unattributed,requires_semantic_review
4567,35,unresolved_fragment,,unattributed,requires_semantic_review
4568,73,unresolved_fragment,,unattributed,requires_semantic_review
4569,41,unresolved_fragment,,unattributed,requires_semantic_review
4570,68,unresolved_fragment,,unattributed,requires_semantic_review
4571,10,unresolved_fragment,,unattributed,requires_semantic_review
4572,36,symbolic_candidate,,unattributed,requires_semantic_review
4573,30,symbolic_candidate,,unattributed,requires_semantic_review
4574,43,symbolic_candidate,,unattributed,requires_semantic_review
4575,29,symbolic_candidate,,unattributed,requires_semantic_review
4576,21,unresolved_fragment,,unattributed,requires_semantic_review
4577,72,unresolved_fragment,,unattributed,requires_semantic_review
4578,16,unresolved_fragment,,unattributed,requires_semantic_review
4579,14,unresolved_fragment,,unattributed,requires_semantic_review
4580,30,unresolved_fragment,,unattributed,requires_semantic_review
4581,14,unresolved_fragment,,unattributed,requires_semantic_review
4582,31,symbolic_candidate,,unattributed,requires_semantic_review
4583,14,unresolved_fragment,,unattributed,requires_semantic_review
4584,56,unresolved_fragment,,unattributed,requires_semantic_review
4585,34,unresolved_fragment,,unattributed,requires_semantic_review
4586,57,prose_candidate,X-0762,unattributed,requires_semantic_review
4587,51,unresolved_fragment,,unattributed,requires_semantic_review
4588,54,unresolved_fragment,,unattributed,requires_semantic_review
4589,27,symbolic_candidate,,unattributed,requires_semantic_review
4590,36,unresolved_fragment,,unattributed,requires_semantic_review
4591,8,symbolic_candidate,,unattributed,requires_semantic_review
4592,39,symbolic_candidate,,unattributed,requires_semantic_review
4593,31,symbolic_candidate,,unattributed,requires_semantic_review
4594,18,symbolic_candidate,,unattributed,requires_semantic_review
4595,14,unresolved_fragment,,unattributed,requires_semantic_review
4596,28,prose_candidate,X-0763,dialogue_turn_unattributed,requires_semantic_review
4597,76,prose_candidate,X-0764,dialogue_turn_unattributed,requires_semantic_review
4598,6,unresolved_fragment,,unattributed,requires_semantic_review
4599,20,unresolved_fragment,,unattributed,requires_semantic_review
4600,68,prose_candidate,X-0765,unattributed,requires_semantic_review
4601,33,symbolic_candidate,,unattributed,requires_semantic_review
4602,72,prose_candidate,X-0766,unattributed,requires_semantic_review
4603,26,symbolic_candidate,,unattributed,requires_semantic_review
4604,62,prose_candidate,X-0767,unattributed,requires_semantic_review
4605,17,symbolic_candidate,,unattributed,requires_semantic_review
4606,9,symbolic_candidate,,unattributed,requires_semantic_review
4607,68,prose_candidate,X-0768,dialogue_turn_unattributed,requires_semantic_review
4608,22,unresolved_fragment,,unattributed,requires_semantic_review
4609,36,prose_candidate,X-0769,dialogue_turn_unattributed,requires_semantic_review
4610,7,unresolved_fragment,,unattributed,requires_semantic_review
4611,12,unresolved_fragment,,unattributed,requires_semantic_review
4612,58,prose_candidate,X-0770,dialogue_turn_unattributed,requires_semantic_review
4613,3,unresolved_fragment,,unattributed,requires_semantic_review
4614,55,unresolved_fragment,,unattributed,requires_semantic_review
4615,25,symbolic_candidate,,unattributed,requires_semantic_review
4616,39,symbolic_candidate,,unattributed,requires_semantic_review
4617,31,unresolved_fragment,,unattributed,requires_semantic_review
4618,46,prose_candidate,X-0771,unattributed,requires_semantic_review
4619,17,unresolved_fragment,,unattributed,requires_semantic_review
4620,29,unresolved_fragment,,unattributed,requires_semantic_review
4621,48,unresolved_fragment,,unattributed,requires_semantic_review
4622,70,prose_candidate,X-0772,unattributed,requires_semantic_review
4623,25,unresolved_fragment,,unattributed,requires_semantic_review
4624,72,unresolved_fragment,,unattributed,requires_semantic_review
4625,58,unresolved_fragment,,unattributed,requires_semantic_review
4626,74,unresolved_fragment,,unattributed,requires_semantic_review
4627,5,unresolved_fragment,,unattributed,requires_semantic_review
4628,77,unresolved_fragment,,unattributed,requires_semantic_review
4629,18,symbolic_candidate,,unattributed,requires_semantic_review
4630,66,unresolved_fragment,,unattributed,requires_semantic_review
4631,64,unresolved_fragment,,unattributed,requires_semantic_review
4632,53,unresolved_fragment,,unattributed,requires_semantic_review
4633,24,symbolic_candidate,,unattributed,requires_semantic_review
4634,33,symbolic_candidate,,unattributed,requires_semantic_review
4635,48,unresolved_fragment,,unattributed,requires_semantic_review
4636,46,unresolved_fragment,,unattributed,requires_semantic_review
4637,70,unresolved_fragment,,unattributed,requires_semantic_review
4638,60,unresolved_fragment,,unattributed,requires_semantic_review
4639,76,unresolved_fragment,,unattributed,requires_semantic_review
4640,8,unresolved_fragment,,unattributed,requires_semantic_review
4641,76,unresolved_fragment,,unattributed,requires_semantic_review
4642,21,symbolic_candidate,,unattributed,requires_semantic_review
4643,68,unresolved_fragment,,unattributed,requires_semantic_review
4644,53,unresolved_fragment,,unattributed,requires_semantic_review
4645,55,unresolved_fragment,,unattributed,requires_semantic_review
4646,65,unresolved_fragment,,unattributed,requires_semantic_review
4647,42,symbolic_candidate,,unattributed,requires_semantic_review
4648,74,unresolved_fragment,,unattributed,requires_semantic_review
4649,31,symbolic_candidate,,unattributed,requires_semantic_review
4650,33,symbolic_candidate,,unattributed,requires_semantic_review
4651,26,symbolic_candidate,,unattributed,requires_semantic_review
4652,20,symbolic_candidate,,unattributed,requires_semantic_review
4653,5,unresolved_fragment,,unattributed,requires_semantic_review
4654,38,unresolved_fragment,,unattributed,requires_semantic_review
4655,69,unresolved_fragment,,unattributed,requires_semantic_review
4656,17,symbolic_candidate,,unattributed,requires_semantic_review
4657,8,unresolved_fragment,,unattributed,requires_semantic_review
4658,20,symbolic_candidate,,unattributed,requires_semantic_review
4659,11,symbolic_candidate,,unattributed,requires_semantic_review
4660,32,prose_candidate,X-0773,unattributed,requires_semantic_review
4661,55,prose_candidate,X-0774,unattributed,requires_semantic_review
4662,44,symbolic_candidate,,unattributed,requires_semantic_review
4663,43,symbolic_candidate,,unattributed,requires_semantic_review
4664,37,prose_candidate,X-0775,unattributed,requires_semantic_review
4665,60,unresolved_fragment,,unattributed,requires_semantic_review
4666,62,prose_candidate,X-0776,unattributed,requires_semantic_review
4667,29,symbolic_candidate,,unattributed,requires_semantic_review
4668,52,prose_candidate,X-0777,unattributed,requires_semantic_review
4669,66,prose_candidate,X-0778,unattributed,requires_semantic_review
4670,14,unresolved_fragment,,unattributed,requires_semantic_review
4671,39,prose_candidate,X-0779,unattributed,requires_semantic_review
4672,29,symbolic_candidate,,unattributed,requires_semantic_review
4673,37,prose_candidate,X-0780,unattributed,requires_semantic_review
4674,49,prose_candidate,X-0781,unattributed,requires_semantic_review
4675,69,prose_candidate,X-0782,unattributed,requires_semantic_review
4676,23,symbolic_candidate,,unattributed,requires_semantic_review
4677,14,unresolved_fragment,,unattributed,requires_semantic_review
4678,48,prose_candidate,X-0783,unattributed,requires_semantic_review
4679,14,unresolved_fragment,,unattributed,requires_semantic_review
4680,59,prose_candidate,X-0784,unattributed,requires_semantic_review
4681,14,unresolved_fragment,,unattributed,requires_semantic_review
4682,66,prose_candidate,X-0785,unattributed,requires_semantic_review
4683,45,symbolic_candidate,,unattributed,requires_semantic_review
4684,14,unresolved_fragment,,unattributed,requires_semantic_review
4685,72,prose_candidate,X-0786,unattributed,requires_semantic_review
4686,39,prose_candidate,X-0787,unattributed,requires_semantic_review
4687,24,prose_candidate,X-0788,unattributed,requires_semantic_review
4688,72,prose_candidate,X-0789,unattributed,requires_semantic_review
4689,28,symbolic_candidate,,unattributed,requires_semantic_review
4690,15,unresolved_fragment,,unattributed,requires_semantic_review
4691,26,prose_candidate,X-0790,unattributed,requires_semantic_review
4692,61,prose_candidate,X-0791,unattributed,requires_semantic_review
4693,24,prose_candidate,X-0792,unattributed,requires_semantic_review
4694,19,symbolic_candidate,,unattributed,requires_semantic_review
4695,71,prose_candidate,X-0793,unattributed,requires_semantic_review
4696,38,symbolic_candidate,,unattributed,requires_semantic_review
4697,76,prose_candidate,X-0794,unattributed,requires_semantic_review
4698,55,prose_candidate,X-0795,unattributed,requires_semantic_review
4699,73,prose_candidate,X-0796,unattributed,requires_semantic_review
4700,71,prose_candidate,X-0797,unattributed,requires_semantic_review
4701,46,prose_candidate,X-0798,unattributed,requires_semantic_review
4702,68,prose_candidate,X-0799,unattributed,requires_semantic_review
4703,48,prose_candidate,X-0800,unattributed,requires_semantic_review
4704,5,unresolved_fragment,,unattributed,requires_semantic_review
4705,31,prose_candidate,X-0801,dialogue_turn_unattributed,requires_semantic_review
4706,74,prose_candidate,X-0802,unattributed,requires_semantic_review
4707,8,unresolved_fragment,,unattributed,requires_semantic_review
4708,2,unresolved_fragment,,unattributed,requires_semantic_review
4709,12,symbolic_candidate,,unattributed,requires_semantic_review
4710,14,unresolved_fragment,,unattributed,requires_semantic_review
4711,55,prose_candidate,X-0803,unattributed,requires_semantic_review
4712,73,prose_candidate,X-0804,unattributed,requires_semantic_review
4713,8,unresolved_fragment,,unattributed,requires_semantic_review
4714,23,unresolved_fragment,,unattributed,requires_semantic_review
4715,12,unresolved_fragment,,unattributed,requires_semantic_review
4716,47,prose_candidate,X-0805,dialogue_turn_unattributed,requires_semantic_review
4717,65,prose_candidate,X-0806,unattributed,requires_semantic_review
4718,72,prose_candidate,X-0807,unattributed,requires_semantic_review
4719,18,unresolved_fragment,,unattributed,requires_semantic_review
4720,74,prose_candidate,X-0808,unattributed,requires_semantic_review
4721,4,unresolved_fragment,,unattributed,requires_semantic_review
4722,27,prose_candidate,X-0809,unattributed,requires_semantic_review
4723,44,symbolic_candidate,,unattributed,requires_semantic_review
4724,53,prose_candidate,X-0810,unattributed,requires_semantic_review
4725,69,unresolved_fragment,,unattributed,requires_semantic_review
4726,16,unresolved_fragment,,unattributed,requires_semantic_review
4727,31,prose_candidate,X-0811,unattributed,requires_semantic_review
4728,71,prose_candidate,X-0812,unattributed,requires_semantic_review
4729,50,prose_candidate,X-0813,unattributed,requires_semantic_review
4730,50,prose_candidate,X-0814,unattributed,requires_semantic_review
4731,28,symbolic_candidate,,unattributed,requires_semantic_review
4732,75,prose_candidate,X-0815,unattributed,requires_semantic_review
4733,24,unresolved_fragment,,unattributed,requires_semantic_review
4734,64,prose_candidate,X-0816,unattributed,requires_semantic_review
4735,75,prose_candidate,X-0817,unattributed,requires_semantic_review
4736,5,unresolved_fragment,,unattributed,requires_semantic_review
4737,59,prose_candidate,X-0818,unattributed,requires_semantic_review
4738,71,prose_candidate,X-0819,unattributed,requires_semantic_review
4739,35,symbolic_candidate,,unattributed,requires_semantic_review
4740,52,prose_candidate,X-0820,unattributed,requires_semantic_review
4741,19,unresolved_fragment,,unattributed,requires_semantic_review
4742,5,unresolved_fragment,,unattributed,requires_semantic_review
4743,53,prose_candidate,X-0821,unattributed,requires_semantic_review
4744,72,prose_candidate,X-0822,dialogue_turn_unattributed,requires_semantic_review
4745,30,symbolic_candidate,,unattributed,requires_semantic_review
4746,69,unresolved_fragment,,unattributed,requires_semantic_review
4747,27,prose_candidate,X-0823,unattributed,requires_semantic_review
4748,21,symbolic_candidate,,unattributed,requires_semantic_review
4749,72,prose_candidate,X-0824,unattributed,requires_semantic_review
4750,12,unresolved_fragment,,unattributed,requires_semantic_review
4751,42,prose_candidate,X-0825,unattributed,requires_semantic_review
4752,47,unresolved_fragment,,unattributed,requires_semantic_review
4753,53,prose_candidate,X-0826,unattributed,requires_semantic_review
4754,43,prose_candidate,X-0827,unattributed,requires_semantic_review
4755,69,prose_candidate,X-0828,unattributed,requires_semantic_review
4756,73,prose_candidate,X-0829,unattributed,requires_semantic_review
4757,66,prose_candidate,X-0830,unattributed,requires_semantic_review
4758,50,unresolved_fragment,,unattributed,requires_semantic_review
4759,64,prose_candidate,X-0831,unattributed,requires_semantic_review
4760,29,symbolic_candidate,,unattributed,requires_semantic_review
4761,49,prose_candidate,X-0832,unattributed,requires_semantic_review
4762,26,unresolved_fragment,,unattributed,requires_semantic_review
4763,69,prose_candidate,X-0833,unattributed,requires_semantic_review
4764,69,prose_candidate,X-0834,unattributed,requires_semantic_review
4765,35,unresolved_fragment,,unattributed,requires_semantic_review
4766,66,prose_candidate,X-0835,unattributed,requires_semantic_review
4767,34,prose_candidate,X-0836,unattributed,requires_semantic_review
4768,70,prose_candidate,X-0837,unattributed,requires_semantic_review
4769,6,unresolved_fragment,,unattributed,requires_semantic_review
4770,75,prose_candidate,X-0838,unattributed,requires_semantic_review
4771,40,symbolic_candidate,,unattributed,requires_semantic_review
4772,57,prose_candidate,X-0839,unattributed,requires_semantic_review
4773,42,prose_candidate,X-0840,unattributed,requires_semantic_review
4774,62,prose_candidate,X-0841,unattributed,requires_semantic_review
4775,47,prose_candidate,X-0842,unattributed,requires_semantic_review
4776,29,symbolic_candidate,,unattributed,requires_semantic_review
4777,74,prose_candidate,X-0843,unattributed,requires_semantic_review
4778,24,prose_candidate,X-0844,unattributed,requires_semantic_review
4779,60,prose_candidate,X-0845,unattributed,requires_semantic_review
4780,30,prose_candidate,X-0846,unattributed,requires_semantic_review
4781,70,prose_candidate,X-0847,unattributed,requires_semantic_review
4782,79,prose_candidate,X-0848,unattributed,requires_semantic_review
4783,25,prose_candidate,X-0849,unattributed,requires_semantic_review
4784,73,prose_candidate,X-0850,unattributed,requires_semantic_review
4785,20,unresolved_fragment,,unattributed,requires_semantic_review
4786,77,prose_candidate,X-0851,unattributed,requires_semantic_review
4787,4,unresolved_fragment,,unattributed,requires_semantic_review
4788,76,prose_candidate,X-0852,unattributed,requires_semantic_review
4789,68,prose_candidate,X-0853,unattributed,requires_semantic_review
4790,74,prose_candidate,X-0854,unattributed,requires_semantic_review
4791,31,prose_candidate,X-0855,unattributed,requires_semantic_review
4792,71,prose_candidate,X-0856,unattributed,requires_semantic_review
4793,59,prose_candidate,X-0857,unattributed,requires_semantic_review
4794,50,prose_candidate,X-0858,unattributed,requires_semantic_review
4795,33,prose_candidate,X-0859,unattributed,requires_semantic_review
4796,22,symbolic_candidate,,unattributed,requires_semantic_review
4797,35,prose_candidate,X-0860,unattributed,requires_semantic_review
4798,38,symbolic_candidate,,unattributed,requires_semantic_review
4799,73,prose_candidate,X-0861,unattributed,requires_semantic_review
4800,5,unresolved_fragment,,unattributed,requires_semantic_review
4801,30,symbolic_candidate,,unattributed,requires_semantic_review
4802,9,symbolic_candidate,,unattributed,requires_semantic_review
4803,73,prose_candidate,X-0862,unattributed,requires_semantic_review
4804,22,symbolic_candidate,,unattributed,requires_semantic_review
4805,64,prose_candidate,X-0863,unattributed,requires_semantic_review
4806,67,prose_candidate,X-0864,dialogue_turn_unattributed,requires_semantic_review
4807,76,prose_candidate,X-0865,unattributed,requires_semantic_review
4808,74,prose_candidate,X-0866,unattributed,requires_semantic_review
4809,69,prose_candidate,X-0867,unattributed,requires_semantic_review
4810,7,unresolved_fragment,,unattributed,requires_semantic_review
4811,73,unresolved_fragment,,unattributed,requires_semantic_review
4812,11,unresolved_fragment,,unattributed,requires_semantic_review
4813,62,prose_candidate,X-0868,unattributed,requires_semantic_review
4814,75,unresolved_fragment,,unattributed,requires_semantic_review
4815,65,prose_candidate,X-0869,unattributed,requires_semantic_review
4816,73,prose_candidate,X-0870,unattributed,requires_semantic_review
4817,51,prose_candidate,X-0871,unattributed,requires_semantic_review
4818,74,prose_candidate,X-0872,unattributed,requires_semantic_review
4819,10,unresolved_fragment,,unattributed,requires_semantic_review
4820,74,prose_candidate,X-0873,unattributed,requires_semantic_review
4821,54,prose_candidate,X-0874,unattributed,requires_semantic_review
4822,24,prose_candidate,X-0875,unattributed,requires_semantic_review
4823,29,symbolic_candidate,,unattributed,requires_semantic_review
4824,47,prose_candidate,X-0876,unattributed,requires_semantic_review
4825,46,prose_candidate,X-0877,unattributed,requires_semantic_review
4826,32,unresolved_fragment,,unattributed,requires_semantic_review
4827,50,prose_candidate,X-0878,unattributed,requires_semantic_review
4828,78,prose_candidate,X-0879,unattributed,requires_semantic_review
4829,48,prose_candidate,X-0880,unattributed,requires_semantic_review
4830,47,prose_candidate,X-0881,unattributed,requires_semantic_review
4831,75,prose_candidate,X-0882,unattributed,requires_semantic_review
4832,75,prose_candidate,X-0883,unattributed,requires_semantic_review
4833,5,unresolved_fragment,,unattributed,requires_semantic_review
4834,74,prose_candidate,X-0884,unattributed,requires_semantic_review
4835,69,prose_candidate,X-0885,unattributed,requires_semantic_review
4836,30,prose_candidate,X-0886,unattributed,requires_semantic_review
4837,37,prose_candidate,X-0887,unattributed,requires_semantic_review
4838,76,prose_candidate,X-0888,unattributed,requires_semantic_review
4839,12,unresolved_fragment,,unattributed,requires_semantic_review
4840,73,prose_candidate,X-0889,unattributed,requires_semantic_review
4841,51,prose_candidate,X-0890,unattributed,requires_semantic_review
4842,68,prose_candidate,X-0891,unattributed,requires_semantic_review
4843,75,prose_candidate,X-0892,unattributed,requires_semantic_review
4844,15,unresolved_fragment,,unattributed,requires_semantic_review
4845,71,prose_candidate,X-0893,unattributed,requires_semantic_review
4846,65,prose_candidate,X-0894,unattributed,requires_semantic_review
4847,9,unresolved_fragment,,unattributed,requires_semantic_review
4848,9,unresolved_fragment,,unattributed,requires_semantic_review
4849,41,prose_candidate,X-0895,unattributed,requires_semantic_review
4850,76,unresolved_fragment,,unattributed,requires_semantic_review
4851,21,symbolic_candidate,,unattributed,requires_semantic_review
4852,44,prose_candidate,X-0896,unattributed,requires_semantic_review
4853,73,prose_candidate,X-0897,unattributed,requires_semantic_review
4854,16,unresolved_fragment,,unattributed,requires_semantic_review
4855,70,prose_candidate,X-0898,unattributed,requires_semantic_review
4856,32,symbolic_candidate,,unattributed,requires_semantic_review
4857,55,prose_candidate,X-0899,unattributed,requires_semantic_review
4858,14,unresolved_fragment,,unattributed,requires_semantic_review
4859,29,symbolic_candidate,,unattributed,requires_semantic_review
4860,68,prose_candidate,X-0900,unattributed,requires_semantic_review
4861,23,symbolic_candidate,,unattributed,requires_semantic_review
4862,73,prose_candidate,X-0901,unattributed,requires_semantic_review
4863,75,prose_candidate,X-0902,unattributed,requires_semantic_review
4864,80,prose_candidate,X-0903,unattributed,requires_semantic_review
4865,39,prose_candidate,X-0904,unattributed,requires_semantic_review
4866,70,prose_candidate,X-0905,unattributed,requires_semantic_review
4867,61,prose_candidate,X-0906,unattributed,requires_semantic_review
4868,75,prose_candidate,X-0907,unattributed,requires_semantic_review
4869,31,symbolic_candidate,,unattributed,requires_semantic_review
4870,82,prose_candidate,X-0908,unattributed,requires_semantic_review
4871,27,prose_candidate,X-0909,unattributed,requires_semantic_review
4872,77,unresolved_fragment,,unattributed,requires_semantic_review
4873,56,prose_candidate,X-0910,unattributed,requires_semantic_review
4874,65,unresolved_fragment,,unattributed,requires_semantic_review
4875,74,prose_candidate,X-0911,unattributed,requires_semantic_review
4876,45,symbolic_candidate,,unattributed,requires_semantic_review
4877,38,prose_candidate,X-0912,unattributed,requires_semantic_review
4878,57,prose_candidate,X-0913,unattributed,requires_semantic_review
4879,74,prose_candidate,X-0914,unattributed,requires_semantic_review
4880,36,prose_candidate,X-0915,unattributed,requires_semantic_review
4881,68,prose_candidate,X-0916,unattributed,requires_semantic_review
4882,43,prose_candidate,X-0917,unattributed,requires_semantic_review
4883,80,prose_candidate,X-0918,unattributed,requires_semantic_review
4884,47,unresolved_fragment,,unattributed,requires_semantic_review
4885,73,prose_candidate,X-0919,unattributed,requires_semantic_review
4886,30,prose_candidate,X-0920,unattributed,requires_semantic_review
4887,74,prose_candidate,X-0921,unattributed,requires_semantic_review
4888,25,symbolic_candidate,,unattributed,requires_semantic_review
4889,26,prose_candidate,X-0922,unattributed,requires_semantic_review
4890,71,prose_candidate,X-0923,unattributed,requires_semantic_review
4891,76,prose_candidate,X-0924,unattributed,requires_semantic_review
4892,71,prose_candidate,X-0925,unattributed,requires_semantic_review
4893,33,symbolic_candidate,,unattributed,requires_semantic_review
4894,76,prose_candidate,X-0926,unattributed,requires_semantic_review
4895,28,unresolved_fragment,,unattributed,requires_semantic_review
4896,10,unresolved_fragment,,unattributed,requires_semantic_review
4897,73,prose_candidate,X-0927,unattributed,requires_semantic_review
4898,4,unresolved_fragment,,unattributed,requires_semantic_review
4899,54,prose_candidate,X-0928,unattributed,requires_semantic_review
4900,72,prose_candidate,X-0929,unattributed,requires_semantic_review
4901,43,prose_candidate,X-0930,unattributed,requires_semantic_review
4902,22,symbolic_candidate,,unattributed,requires_semantic_review
4903,75,prose_candidate,X-0931,unattributed,requires_semantic_review
4904,4,unresolved_fragment,,unattributed,requires_semantic_review
4905,36,unresolved_fragment,,unattributed,requires_semantic_review
4906,77,unresolved_fragment,,unattributed,requires_semantic_review
4907,29,symbolic_candidate,,unattributed,requires_semantic_review
4908,16,symbolic_candidate,,unattributed,requires_semantic_review
4909,8,unresolved_fragment,,unattributed,requires_semantic_review
4910,16,unresolved_fragment,,unattributed,requires_semantic_review
4911,30,symbolic_candidate,,unattributed,requires_semantic_review
4912,70,unresolved_fragment,,unattributed,requires_semantic_review
4913,7,unresolved_fragment,,unattributed,requires_semantic_review
4914,15,unresolved_fragment,,unattributed,requires_semantic_review
4915,45,unresolved_fragment,,unattributed,requires_semantic_review
4916,43,symbolic_candidate,,unattributed,requires_semantic_review
4917,65,unresolved_fragment,,unattributed,requires_semantic_review
4918,20,symbolic_candidate,,unattributed,requires_semantic_review
4919,79,prose_candidate,X-0932,unattributed,requires_semantic_review
4920,16,unresolved_fragment,,unattributed,requires_semantic_review
4921,76,prose_candidate,X-0933,unattributed,requires_semantic_review
4922,9,unresolved_fragment,,unattributed,requires_semantic_review
4923,78,prose_candidate,X-0934,unattributed,requires_semantic_review
4924,13,unresolved_fragment,,unattributed,requires_semantic_review
4925,19,unresolved_fragment,,unattributed,requires_semantic_review
4926,30,symbolic_candidate,,unattributed,requires_semantic_review
4927,33,unresolved_fragment,,unattributed,requires_semantic_review
4928,6,unresolved_fragment,,unattributed,requires_semantic_review
4929,10,symbolic_candidate,,unattributed,requires_semantic_review
4930,50,unresolved_fragment,,unattributed,requires_semantic_review
4931,9,symbolic_candidate,,unattributed,requires_semantic_review
4932,74,prose_candidate,X-0935,dialogue_turn_unattributed,requires_semantic_review
4933,79,prose_candidate,X-0936,unattributed,requires_semantic_review
4934,4,unresolved_fragment,,unattributed,requires_semantic_review
4935,46,prose_candidate,X-0937,unattributed,requires_semantic_review
4936,36,symbolic_candidate,,unattributed,requires_semantic_review
4937,37,symbolic_candidate,,unattributed,requires_semantic_review
4938,70,unresolved_fragment,,unattributed,requires_semantic_review
4939,74,unresolved_fragment,,unattributed,requires_semantic_review
4940,20,symbolic_candidate,,unattributed,requires_semantic_review
4941,72,unresolved_fragment,,unattributed,requires_semantic_review
4942,49,unresolved_fragment,,unattributed,requires_semantic_review
4943,13,symbolic_candidate,,unattributed,requires_semantic_review
4944,62,unresolved_fragment,,unattributed,requires_semantic_review
4945,7,unresolved_fragment,,unattributed,requires_semantic_review
4946,18,unresolved_fragment,,unattributed,requires_semantic_review
4947,74,prose_candidate,X-0938,unattributed,requires_semantic_review
4948,74,prose_candidate,X-0939,unattributed,requires_semantic_review
4949,73,unresolved_fragment,,unattributed,requires_semantic_review
4950,20,unresolved_fragment,,unattributed,requires_semantic_review
4951,17,unresolved_fragment,,unattributed,requires_semantic_review
4952,16,unresolved_fragment,,unattributed,requires_semantic_review
4953,18,symbolic_candidate,,unattributed,requires_semantic_review
4954,8,unresolved_fragment,,unattributed,requires_semantic_review
4955,12,unresolved_fragment,,unattributed,requires_semantic_review
4956,11,symbolic_candidate,,unattributed,requires_semantic_review
4957,63,unresolved_fragment,,unattributed,requires_semantic_review
4958,69,unresolved_fragment,,unattributed,requires_semantic_review
4959,56,unresolved_fragment,,unattributed,requires_semantic_review
4960,71,unresolved_fragment,,unattributed,requires_semantic_review
4961,36,unresolved_fragment,,unattributed,requires_semantic_review
4962,24,symbolic_candidate,,unattributed,requires_semantic_review
4963,79,unresolved_fragment,,unattributed,requires_semantic_review
4964,71,unresolved_fragment,,unattributed,requires_semantic_review
4965,31,unresolved_fragment,,unattributed,requires_semantic_review
4966,73,unresolved_fragment,,unattributed,requires_semantic_review
4967,71,unresolved_fragment,,unattributed,requires_semantic_review
4968,71,unresolved_fragment,,unattributed,requires_semantic_review
4969,11,unresolved_fragment,,unattributed,requires_semantic_review
4970,74,unresolved_fragment,,unattributed,requires_semantic_review
4971,74,unresolved_fragment,,unattributed,requires_semantic_review
4972,58,unresolved_fragment,,unattributed,requires_semantic_review
4973,47,unresolved_fragment,,unattributed,requires_semantic_review
4974,18,unresolved_fragment,,unattributed,requires_semantic_review
4975,13,unresolved_fragment,,unattributed,requires_semantic_review
4976,62,prose_candidate,X-0940,unattributed,requires_semantic_review
4977,32,symbolic_candidate,,unattributed,requires_semantic_review
4978,72,unresolved_fragment,,unattributed,requires_semantic_review
4979,75,unresolved_fragment,,unattributed,requires_semantic_review
4980,24,symbolic_candidate,,unattributed,requires_semantic_review
4981,78,unresolved_fragment,,unattributed,requires_semantic_review
4982,71,unresolved_fragment,,unattributed,requires_semantic_review
4983,53,unresolved_fragment,,unattributed,requires_semantic_review
4984,58,unresolved_fragment,,unattributed,requires_semantic_review
4985,14,symbolic_candidate,,unattributed,requires_semantic_review
4986,72,unresolved_fragment,,unattributed,requires_semantic_review
4987,19,symbolic_candidate,,unattributed,requires_semantic_review
4988,46,unresolved_fragment,,unattributed,requires_semantic_review
4989,35,symbolic_candidate,,unattributed,requires_semantic_review
4990,70,unresolved_fragment,,unattributed,requires_semantic_review
4991,57,unresolved_fragment,,unattributed,requires_semantic_review
4992,20,unresolved_fragment,,unattributed,requires_semantic_review
4993,47,unresolved_fragment,,unattributed,requires_semantic_review
4994,37,symbolic_candidate,,unattributed,requires_semantic_review
4995,37,unresolved_fragment,,unattributed,requires_semantic_review
4996,41,symbolic_candidate,,unattributed,requires_semantic_review
4997,5,unresolved_fragment,,unattributed,requires_semantic_review
4998,29,unresolved_fragment,,unattributed,requires_semantic_review
4999,70,unresolved_fragment,,unattributed,requires_semantic_review
5000,76,prose_candidate,X-0941,unattributed,requires_semantic_review
5001,10,unresolved_fragment,,unattributed,requires_semantic_review
5002,49,unresolved_fragment,,unattributed,requires_semantic_review
5003,63,unresolved_fragment,,unattributed,requires_semantic_review
5004,56,unresolved_fragment,,unattributed,requires_semantic_review
5005,56,unresolved_fragment,,unattributed,requires_semantic_review
5006,70,unresolved_fragment,,unattributed,requires_semantic_review
5007,36,symbolic_candidate,,unattributed,requires_semantic_review
5008,65,unresolved_fragment,,unattributed,requires_semantic_review
5009,73,prose_candidate,X-0942,unattributed,requires_semantic_review
5010,13,symbolic_candidate,,unattributed,requires_semantic_review
5011,13,symbolic_candidate,,unattributed,requires_semantic_review
5012,15,unresolved_fragment,,unattributed,requires_semantic_review
5013,6,unresolved_fragment,,unattributed,requires_semantic_review
5014,12,unresolved_fragment,,unattributed,requires_semantic_review
5015,78,prose_candidate,X-0943,dialogue_turn_unattributed,requires_semantic_review
5016,69,prose_candidate,X-0944,unattributed,requires_semantic_review
5017,44,prose_candidate,X-0945,unattributed,requires_semantic_review
5018,11,unresolved_fragment,,unattributed,requires_semantic_review
5019,40,symbolic_candidate,,unattributed,requires_semantic_review
5020,75,prose_candidate,X-0946,unattributed,requires_semantic_review
5021,65,unresolved_fragment,,unattributed,requires_semantic_review
5022,73,prose_candidate,X-0947,unattributed,requires_semantic_review
5023,53,prose_candidate,X-0948,unattributed,requires_semantic_review
5024,55,prose_candidate,X-0949,unattributed,requires_semantic_review
5025,10,unresolved_fragment,,unattributed,requires_semantic_review
5026,21,symbolic_candidate,,unattributed,requires_semantic_review
5027,10,unresolved_fragment,,unattributed,requires_semantic_review
5028,12,unresolved_fragment,,unattributed,requires_semantic_review
5029,14,unresolved_fragment,,unattributed,requires_semantic_review
5030,10,unresolved_fragment,,unattributed,requires_semantic_review
5031,9,symbolic_candidate,,unattributed,requires_semantic_review
5032,27,symbolic_candidate,,unattributed,requires_semantic_review
5033,12,symbolic_candidate,,unattributed,requires_semantic_review
5034,56,prose_candidate,X-0950,dialogue_turn_unattributed,requires_semantic_review
5035,13,unresolved_fragment,,unattributed,requires_semantic_review
5036,20,symbolic_candidate,,unattributed,requires_semantic_review
5037,12,symbolic_candidate,,unattributed,requires_semantic_review
5038,21,symbolic_candidate,,unattributed,requires_semantic_review
5039,17,unresolved_fragment,,unattributed,requires_semantic_review
5040,18,unresolved_fragment,,unattributed,requires_semantic_review
5041,22,symbolic_candidate,,unattributed,requires_semantic_review
5042,23,symbolic_candidate,,unattributed,requires_semantic_review
5043,13,symbolic_candidate,,unattributed,requires_semantic_review
5044,44,symbolic_candidate,,unattributed,requires_semantic_review
5045,39,symbolic_candidate,,unattributed,requires_semantic_review
5046,76,prose_candidate,X-0951,unattributed,requires_semantic_review
5047,48,unresolved_fragment,,unattributed,requires_semantic_review
5048,42,prose_candidate,X-0952,unattributed,requires_semantic_review
5049,44,symbolic_candidate,,unattributed,requires_semantic_review
5050,26,prose_candidate,X-0953,dialogue_turn_unattributed,requires_semantic_review
5051,21,symbolic_candidate,,unattributed,requires_semantic_review
5052,42,prose_candidate,X-0954,unattributed,requires_semantic_review
5053,78,prose_candidate,X-0955,unattributed,requires_semantic_review
5054,14,symbolic_candidate,,unattributed,requires_semantic_review
5055,8,unresolved_fragment,,unattributed,requires_semantic_review
5056,11,unresolved_fragment,,unattributed,requires_semantic_review
5057,12,unresolved_fragment,,unattributed,requires_semantic_review
5058,37,symbolic_candidate,,unattributed,requires_semantic_review
5059,55,prose_candidate,X-0956,unattributed,requires_semantic_review
5060,68,prose_candidate,X-0957,unattributed,requires_semantic_review
5061,6,unresolved_fragment,,unattributed,requires_semantic_review
5062,72,prose_candidate,X-0958,unattributed,requires_semantic_review
5063,43,symbolic_candidate,,unattributed,requires_semantic_review
5064,18,symbolic_candidate,,unattributed,requires_semantic_review
5065,38,symbolic_candidate,,unattributed,requires_semantic_review
5066,16,symbolic_candidate,,unattributed,requires_semantic_review
5067,24,symbolic_candidate,,unattributed,requires_semantic_review
5068,6,symbolic_candidate,,unattributed,requires_semantic_review
5069,11,unresolved_fragment,,unattributed,requires_semantic_review
5070,18,unresolved_fragment,,unattributed,requires_semantic_review
5071,11,unresolved_fragment,,unattributed,requires_semantic_review
5072,15,unresolved_fragment,,unattributed,requires_semantic_review
5073,6,unresolved_fragment,,unattributed,requires_semantic_review
5074,6,unresolved_fragment,,unattributed,requires_semantic_review
5075,10,unresolved_fragment,,unattributed,requires_semantic_review
5076,5,unresolved_fragment,,unattributed,requires_semantic_review
5077,5,unresolved_fragment,,unattributed,requires_semantic_review
5078,9,symbolic_candidate,,unattributed,requires_semantic_review
5079,6,symbolic_candidate,,unattributed,requires_semantic_review
5080,25,prose_candidate,X-0959,dialogue_turn_unattributed,requires_semantic_review
5081,10,symbolic_candidate,,unattributed,requires_semantic_review
5082,66,prose_candidate,X-0960,dialogue_turn_unattributed,requires_semantic_review
5083,8,symbolic_candidate,,unattributed,requires_semantic_review
5084,8,symbolic_candidate,,unattributed,requires_semantic_review
5085,13,unresolved_fragment,,unattributed,requires_semantic_review
5086,12,unresolved_fragment,,unattributed,requires_semantic_review
5087,12,symbolic_candidate,,unattributed,requires_semantic_review
5088,17,unresolved_fragment,,unattributed,requires_semantic_review
5089,16,symbolic_candidate,,unattributed,requires_semantic_review
5090,18,symbolic_candidate,,unattributed,requires_semantic_review
5091,15,unresolved_fragment,,unattributed,requires_semantic_review
5092,6,unresolved_fragment,,unattributed,requires_semantic_review
5093,7,unresolved_fragment,,unattributed,requires_semantic_review
5094,20,unresolved_fragment,,unattributed,requires_semantic_review
5095,23,symbolic_candidate,,unattributed,requires_semantic_review
5096,20,unresolved_fragment,,unattributed,requires_semantic_review
5097,16,symbolic_candidate,,unattributed,requires_semantic_review
5098,16,unresolved_fragment,,unattributed,requires_semantic_review
5099,18,unresolved_fragment,,unattributed,requires_semantic_review
5100,12,symbolic_candidate,,unattributed,requires_semantic_review
5101,35,symbolic_candidate,,unattributed,requires_semantic_review
5102,14,unresolved_fragment,,unattributed,requires_semantic_review
5103,2,unresolved_fragment,,unattributed,requires_semantic_review
5104,3,unresolved_fragment,,unattributed,requires_semantic_review
5105,9,unresolved_fragment,,unattributed,requires_semantic_review
5106,9,unresolved_fragment,,unattributed,requires_semantic_review
5107,12,symbolic_candidate,,unattributed,requires_semantic_review
5108,10,unresolved_fragment,,unattributed,requires_semantic_review
5109,29,symbolic_candidate,,unattributed,requires_semantic_review
5110,11,unresolved_fragment,,unattributed,requires_semantic_review
5111,12,unresolved_fragment,,unattributed,requires_semantic_review
5112,9,unresolved_fragment,,unattributed,requires_semantic_review
5113,23,unresolved_fragment,,unattributed,requires_semantic_review
5114,69,unresolved_fragment,,unattributed,requires_semantic_review
5115,71,unresolved_fragment,,unattributed,requires_semantic_review
5116,27,unresolved_fragment,,unattributed,requires_semantic_review
5117,10,symbolic_candidate,,unattributed,requires_semantic_review
5118,13,unresolved_fragment,,unattributed,requires_semantic_review
5119,41,symbolic_candidate,,unattributed,requires_semantic_review
5120,50,prose_candidate,X-0961,unattributed,requires_semantic_review
5121,3,unresolved_fragment,,unattributed,requires_semantic_review
5122,3,unresolved_fragment,,unattributed,requires_semantic_review
5123,1,unresolved_fragment,,unattributed,requires_semantic_review
5124,8,unresolved_fragment,,unattributed,requires_semantic_review
5125,8,unresolved_fragment,,unattributed,requires_semantic_review
5126,21,symbolic_candidate,,unattributed,requires_semantic_review
5127,36,prose_candidate,X-0962,unattributed,requires_semantic_review
5128,10,unresolved_fragment,,unattributed,requires_semantic_review
5129,6,symbolic_candidate,,unattributed,requires_semantic_review
5130,5,symbolic_candidate,,unattributed,requires_semantic_review
5131,4,unresolved_fragment,,unattributed,requires_semantic_review
5132,5,unresolved_fragment,,unattributed,requires_semantic_review
5133,4,unresolved_fragment,,unattributed,requires_semantic_review
5134,67,prose_candidate,X-0963,unattributed,requires_semantic_review
5135,29,symbolic_candidate,,unattributed,requires_semantic_review
5136,30,prose_candidate,X-0964,unattributed,requires_semantic_review
5137,1,unresolved_fragment,,unattributed,requires_semantic_review
5138,29,prose_candidate,X-0965,unattributed,requires_semantic_review
5139,24,symbolic_candidate,,unattributed,requires_semantic_review
5140,62,prose_candidate,X-0966,unattributed,requires_semantic_review
5141,43,symbolic_candidate,,unattributed,requires_semantic_review
5142,45,symbolic_candidate,,unattributed,requires_semantic_review
5143,18,unresolved_fragment,,unattributed,requires_semantic_review
5144,21,unresolved_fragment,,unattributed,requires_semantic_review
5145,12,unresolved_fragment,,unattributed,requires_semantic_review
5146,35,symbolic_candidate,,unattributed,requires_semantic_review
5147,7,unresolved_fragment,,unattributed,requires_semantic_review
5148,14,symbolic_candidate,,unattributed,requires_semantic_review
5149,14,symbolic_candidate,,unattributed,requires_semantic_review
5150,71,prose_candidate,X-0967,unattributed,requires_semantic_review
5151,13,unresolved_fragment,,unattributed,requires_semantic_review
5152,1,unresolved_fragment,,unattributed,requires_semantic_review
5153,27,symbolic_candidate,,unattributed,requires_semantic_review
5154,40,symbolic_candidate,,unattributed,requires_semantic_review
5155,44,symbolic_candidate,,unattributed,requires_semantic_review
5156,9,symbolic_candidate,,unattributed,requires_semantic_review
5157,50,prose_candidate,X-0968,dialogue_turn_unattributed,requires_semantic_review
5158,5,unresolved_fragment,,unattributed,requires_semantic_review
5159,10,unresolved_fragment,,unattributed,requires_semantic_review
5160,10,symbolic_candidate,,unattributed,requires_semantic_review
5161,19,unresolved_fragment,,unattributed,requires_semantic_review
5162,69,prose_candidate,X-0969,unattributed,requires_semantic_review
5163,70,unresolved_fragment,,unattributed,requires_semantic_review
5164,12,unresolved_fragment,,unattributed,requires_semantic_review
5165,61,prose_candidate,X-0970,unattributed,requires_semantic_review
5166,12,unresolved_fragment,,unattributed,requires_semantic_review
5167,18,unresolved_fragment,,unattributed,requires_semantic_review
5168,52,prose_candidate,X-0971,unattributed,requires_semantic_review
5169,8,unresolved_fragment,,unattributed,requires_semantic_review
5170,11,unresolved_fragment,,unattributed,requires_semantic_review
5171,8,unresolved_fragment,,unattributed,requires_semantic_review
5172,26,prose_candidate,X-0972,unattributed,requires_semantic_review
5173,75,prose_candidate,X-0973,unattributed,requires_semantic_review
5174,9,unresolved_fragment,,unattributed,requires_semantic_review
5175,24,symbolic_candidate,,unattributed,requires_semantic_review
5176,12,unresolved_fragment,,unattributed,requires_semantic_review
5177,5,unresolved_fragment,,unattributed,requires_semantic_review
5178,12,unresolved_fragment,,unattributed,requires_semantic_review
5179,32,unresolved_fragment,,unattributed,requires_semantic_review
5180,30,unresolved_fragment,,unattributed,requires_semantic_review
5181,36,prose_candidate,X-0974,unattributed,requires_semantic_review
5182,22,symbolic_candidate,,unattributed,requires_semantic_review
5183,28,prose_candidate,X-0975,unattributed,requires_semantic_review
5184,25,symbolic_candidate,,unattributed,requires_semantic_review
5185,24,symbolic_candidate,,unattributed,requires_semantic_review
5186,30,symbolic_candidate,,unattributed,requires_semantic_review
5187,35,symbolic_candidate,,unattributed,requires_semantic_review
5188,27,symbolic_candidate,,unattributed,requires_semantic_review
5189,5,unresolved_fragment,,unattributed,requires_semantic_review
5190,4,unresolved_fragment,,unattributed,requires_semantic_review
5191,3,unresolved_fragment,,unattributed,requires_semantic_review
5192,7,unresolved_fragment,,unattributed,requires_semantic_review
5193,3,unresolved_fragment,,unattributed,requires_semantic_review
5194,18,unresolved_fragment,,unattributed,requires_semantic_review
5195,18,unresolved_fragment,,unattributed,requires_semantic_review
5196,7,unresolved_fragment,,unattributed,requires_semantic_review
5197,15,symbolic_candidate,,unattributed,requires_semantic_review
5198,7,unresolved_fragment,,unattributed,requires_semantic_review
5199,10,unresolved_fragment,,unattributed,requires_semantic_review
5200,39,symbolic_candidate,,unattributed,requires_semantic_review
5201,10,unresolved_fragment,,unattributed,requires_semantic_review
5202,4,unresolved_fragment,,unattributed,requires_semantic_review
5203,22,symbolic_candidate,,unattributed,requires_semantic_review
5204,9,unresolved_fragment,,unattributed,requires_semantic_review
5205,12,unresolved_fragment,,unattributed,requires_semantic_review
5206,8,unresolved_fragment,,unattributed,requires_semantic_review
5207,52,prose_candidate,X-0976,unattributed,requires_semantic_review
5208,78,prose_candidate,X-0977,unattributed,requires_semantic_review
5209,59,prose_candidate,X-0978,unattributed,requires_semantic_review
5210,41,prose_candidate,X-0979,unattributed,requires_semantic_review
5211,74,prose_candidate,X-0980,unattributed,requires_semantic_review
5212,14,unresolved_fragment,,unattributed,requires_semantic_review
5213,11,unresolved_fragment,,unattributed,requires_semantic_review
5214,16,symbolic_candidate,,unattributed,requires_semantic_review
5215,8,unresolved_fragment,,unattributed,requires_semantic_review
5216,23,symbolic_candidate,,unattributed,requires_semantic_review
5217,35,symbolic_candidate,,unattributed,requires_semantic_review
5218,25,symbolic_candidate,,unattributed,requires_semantic_review
5219,14,symbolic_candidate,,unattributed,requires_semantic_review
5220,4,unresolved_fragment,,unattributed,requires_semantic_review
5221,10,unresolved_fragment,,unattributed,requires_semantic_review
5222,74,prose_candidate,X-0981,unattributed,requires_semantic_review
5223,7,unresolved_fragment,,unattributed,requires_semantic_review
5224,15,unresolved_fragment,,unattributed,requires_semantic_review
5225,21,symbolic_candidate,,unattributed,requires_semantic_review
5226,20,unresolved_fragment,,unattributed,requires_semantic_review
5227,18,unresolved_fragment,,unattributed,requires_semantic_review
5228,27,prose_candidate,X-0982,unattributed,requires_semantic_review
5229,28,symbolic_candidate,,unattributed,requires_semantic_review
5230,4,unresolved_fragment,,unattributed,requires_semantic_review
5231,9,unresolved_fragment,,unattributed,requires_semantic_review
5232,5,unresolved_fragment,,unattributed,requires_semantic_review
5233,12,symbolic_candidate,,unattributed,requires_semantic_review
5234,7,unresolved_fragment,,unattributed,requires_semantic_review
5235,5,unresolved_fragment,,unattributed,requires_semantic_review
5236,8,unresolved_fragment,,unattributed,requires_semantic_review
5237,2,unresolved_fragment,,unattributed,requires_semantic_review
5238,9,unresolved_fragment,,unattributed,requires_semantic_review
5239,11,unresolved_fragment,,unattributed,requires_semantic_review
5240,10,unresolved_fragment,,unattributed,requires_semantic_review
5241,21,unresolved_fragment,,unattributed,requires_semantic_review
5242,13,unresolved_fragment,,unattributed,requires_semantic_review
5243,5,unresolved_fragment,,unattributed,requires_semantic_review
5244,7,symbolic_candidate,,unattributed,requires_semantic_review
5245,8,unresolved_fragment,,unattributed,requires_semantic_review
5246,14,symbolic_candidate,,unattributed,requires_semantic_review
5247,16,symbolic_candidate,,unattributed,requires_semantic_review
5248,17,symbolic_candidate,,unattributed,requires_semantic_review
5249,13,unresolved_fragment,,unattributed,requires_semantic_review
5250,13,symbolic_candidate,,unattributed,requires_semantic_review
5251,17,unresolved_fragment,,unattributed,requires_semantic_review
5252,18,unresolved_fragment,,unattributed,requires_semantic_review
5253,17,symbolic_candidate,,unattributed,requires_semantic_review
5254,6,unresolved_fragment,,unattributed,requires_semantic_review
5255,5,unresolved_fragment,,unattributed,requires_semantic_review
5256,8,unresolved_fragment,,unattributed,requires_semantic_review
5257,3,unresolved_fragment,,unattributed,requires_semantic_review
5258,15,symbolic_candidate,,unattributed,requires_semantic_review
5259,16,unresolved_fragment,,unattributed,requires_semantic_review
5260,39,symbolic_candidate,,unattributed,requires_semantic_review
5261,42,prose_candidate,X-0983,unattributed,requires_semantic_review
5262,45,prose_candidate,X-0984,unattributed,requires_semantic_review
5263,61,prose_candidate,X-0985,unattributed,requires_semantic_review
5264,30,symbolic_candidate,,unattributed,requires_semantic_review
5265,42,prose_candidate,X-0986,unattributed,requires_semantic_review
5266,71,prose_candidate,X-0987,unattributed,requires_semantic_review
5267,5,unresolved_fragment,,unattributed,requires_semantic_review
5268,50,prose_candidate,X-0988,unattributed,requires_semantic_review
5269,55,prose_candidate,X-0989,unattributed,requires_semantic_review
5270,66,prose_candidate,X-0990,unattributed,requires_semantic_review
5271,7,unresolved_fragment,,unattributed,requires_semantic_review
5272,16,unresolved_fragment,,unattributed,requires_semantic_review
5273,17,unresolved_fragment,,unattributed,requires_semantic_review
5274,8,unresolved_fragment,,unattributed,requires_semantic_review
5275,7,unresolved_fragment,,unattributed,requires_semantic_review
5276,5,unresolved_fragment,,unattributed,requires_semantic_review
5277,10,unresolved_fragment,,unattributed,requires_semantic_review
5278,10,symbolic_candidate,,unattributed,requires_semantic_review
5279,16,symbolic_candidate,,unattributed,requires_semantic_review
5280,23,symbolic_candidate,,unattributed,requires_semantic_review
5281,10,unresolved_fragment,,unattributed,requires_semantic_review
5282,10,symbolic_candidate,,unattributed,requires_semantic_review
5283,12,unresolved_fragment,,unattributed,requires_semantic_review
5284,14,symbolic_candidate,,unattributed,requires_semantic_review
5285,27,symbolic_candidate,,unattributed,requires_semantic_review
5286,22,symbolic_candidate,,unattributed,requires_semantic_review
5287,23,symbolic_candidate,,unattributed,requires_semantic_review
5288,7,unresolved_fragment,,unattributed,requires_semantic_review
5289,21,symbolic_candidate,,unattributed,requires_semantic_review
5290,17,symbolic_candidate,,unattributed,requires_semantic_review
5291,12,symbolic_candidate,,unattributed,requires_semantic_review
5292,30,symbolic_candidate,,unattributed,requires_semantic_review
5293,38,prose_candidate,X-0991,unattributed,requires_semantic_review
5294,27,symbolic_candidate,,unattributed,requires_semantic_review
5295,17,symbolic_candidate,,unattributed,requires_semantic_review
5296,19,unresolved_fragment,,unattributed,requires_semantic_review
5297,12,symbolic_candidate,,unattributed,requires_semantic_review
5298,10,unresolved_fragment,,unattributed,requires_semantic_review
5299,16,symbolic_candidate,,unattributed,requires_semantic_review
5300,7,unresolved_fragment,,unattributed,requires_semantic_review
5301,8,symbolic_candidate,,unattributed,requires_semantic_review
5302,4,unresolved_fragment,,unattributed,requires_semantic_review
5303,44,unresolved_fragment,,unattributed,requires_semantic_review
5304,15,symbolic_candidate,,unattributed,requires_semantic_review
5305,77,prose_candidate,X-0992,dialogue_turn_unattributed,requires_semantic_review
5306,73,prose_candidate,X-0993,unattributed,requires_semantic_review
5307,81,prose_candidate,X-0994,unattributed,requires_semantic_review
5308,69,prose_candidate,X-0995,unattributed,requires_semantic_review
5309,21,symbolic_candidate,,unattributed,requires_semantic_review
5310,72,prose_candidate,X-0996,unattributed,requires_semantic_review
5311,68,unresolved_fragment,,unattributed,requires_semantic_review
5312,40,symbolic_candidate,,unattributed,requires_semantic_review
5313,35,symbolic_candidate,,unattributed,requires_semantic_review
5314,77,prose_candidate,X-0997,unattributed,requires_semantic_review
5315,64,prose_candidate,X-0998,unattributed,requires_semantic_review
5316,19,unresolved_fragment,,unattributed,requires_semantic_review
5317,50,prose_candidate,X-0999,unattributed,requires_semantic_review
5318,68,prose_candidate,X-1000,unattributed,requires_semantic_review
5319,22,unresolved_fragment,,unattributed,requires_semantic_review
5320,9,symbolic_candidate,,unattributed,requires_semantic_review
5321,37,prose_candidate,X-1001,unattributed,requires_semantic_review
5322,15,unresolved_fragment,,unattributed,requires_semantic_review
5323,13,symbolic_candidate,,unattributed,requires_semantic_review
5324,62,prose_candidate,X-1002,dialogue_turn_unattributed,requires_semantic_review
5325,63,prose_candidate,X-1003,unattributed,requires_semantic_review
5326,5,unresolved_fragment,,unattributed,requires_semantic_review
5327,6,unresolved_fragment,,unattributed,requires_semantic_review
5328,9,unresolved_fragment,,unattributed,requires_semantic_review
5329,9,unresolved_fragment,,unattributed,requires_semantic_review
5330,7,unresolved_fragment,,unattributed,requires_semantic_review
5331,6,unresolved_fragment,,unattributed,requires_semantic_review
5332,7,unresolved_fragment,,unattributed,requires_semantic_review
5333,6,unresolved_fragment,,unattributed,requires_semantic_review
5334,12,symbolic_candidate,,unattributed,requires_semantic_review
5335,9,unresolved_fragment,,unattributed,requires_semantic_review
5336,26,symbolic_candidate,,unattributed,requires_semantic_review
5337,14,symbolic_candidate,,unattributed,requires_semantic_review
5338,11,unresolved_fragment,,unattributed,requires_semantic_review
5339,14,symbolic_candidate,,unattributed,requires_semantic_review
5340,12,unresolved_fragment,,unattributed,requires_semantic_review
5341,15,unresolved_fragment,,unattributed,requires_semantic_review
5342,13,unresolved_fragment,,unattributed,requires_semantic_review
5343,23,unresolved_fragment,,unattributed,requires_semantic_review
5344,13,unresolved_fragment,,unattributed,requires_semantic_review
5345,8,symbolic_candidate,,unattributed,requires_semantic_review
5346,20,symbolic_candidate,,unattributed,requires_semantic_review
5347,19,unresolved_fragment,,unattributed,requires_semantic_review
5348,17,unresolved_fragment,,unattributed,requires_semantic_review
5349,21,symbolic_candidate,,unattributed,requires_semantic_review
5350,10,symbolic_candidate,,unattributed,requires_semantic_review
5351,8,unresolved_fragment,,unattributed,requires_semantic_review
5352,28,symbolic_candidate,,unattributed,requires_semantic_review
5353,12,unresolved_fragment,,unattributed,requires_semantic_review
5354,18,symbolic_candidate,,unattributed,requires_semantic_review
5355,6,symbolic_candidate,,unattributed,requires_semantic_review
5356,7,unresolved_fragment,,unattributed,requires_semantic_review
5357,13,symbolic_candidate,,unattributed,requires_semantic_review
5358,10,unresolved_fragment,,unattributed,requires_semantic_review
5359,15,symbolic_candidate,,unattributed,requires_semantic_review
5360,15,symbolic_candidate,,unattributed,requires_semantic_review
5361,22,symbolic_candidate,,unattributed,requires_semantic_review
5362,1,unresolved_fragment,,unattributed,requires_semantic_review
5363,3,unresolved_fragment,,unattributed,requires_semantic_review
5364,6,unresolved_fragment,,unattributed,requires_semantic_review
5365,17,unresolved_fragment,,unattributed,requires_semantic_review
5366,19,unresolved_fragment,,unattributed,requires_semantic_review
5367,13,symbolic_candidate,,unattributed,requires_semantic_review
5368,23,symbolic_candidate,,unattributed,requires_semantic_review
5369,9,symbolic_candidate,,unattributed,requires_semantic_review
5370,2,unresolved_fragment,,unattributed,requires_semantic_review
5371,3,unresolved_fragment,,unattributed,requires_semantic_review
5372,4,unresolved_fragment,,unattributed,requires_semantic_review
5373,6,unresolved_fragment,,unattributed,requires_semantic_review
5374,6,unresolved_fragment,,unattributed,requires_semantic_review
5375,7,unresolved_fragment,,unattributed,requires_semantic_review
5376,38,symbolic_candidate,,unattributed,requires_semantic_review
5377,11,symbolic_candidate,,unattributed,requires_semantic_review
5378,13,symbolic_candidate,,unattributed,requires_semantic_review
5379,15,unresolved_fragment,,unattributed,requires_semantic_review
5380,2,unresolved_fragment,,unattributed,requires_semantic_review
5381,7,unresolved_fragment,,unattributed,requires_semantic_review
5382,5,unresolved_fragment,,unattributed,requires_semantic_review
5383,8,symbolic_candidate,,unattributed,requires_semantic_review
5384,14,unresolved_fragment,,unattributed,requires_semantic_review
5385,11,symbolic_candidate,,unattributed,requires_semantic_review
5386,9,symbolic_candidate,,unattributed,requires_semantic_review
5387,4,unresolved_fragment,,unattributed,requires_semantic_review
5388,7,unresolved_fragment,,unattributed,requires_semantic_review
5389,6,unresolved_fragment,,unattributed,requires_semantic_review
5390,14,symbolic_candidate,,unattributed,requires_semantic_review
5391,5,unresolved_fragment,,unattributed,requires_semantic_review
5392,12,symbolic_candidate,,unattributed,requires_semantic_review
5393,5,unresolved_fragment,,unattributed,requires_semantic_review
5394,13,symbolic_candidate,,unattributed,requires_semantic_review
5395,12,symbolic_candidate,,unattributed,requires_semantic_review
5396,15,symbolic_candidate,,unattributed,requires_semantic_review
5397,13,symbolic_candidate,,unattributed,requires_semantic_review
5398,11,symbolic_candidate,,unattributed,requires_semantic_review
5399,19,unresolved_fragment,,unattributed,requires_semantic_review
5400,17,symbolic_candidate,,unattributed,requires_semantic_review
5401,22,unresolved_fragment,,unattributed,requires_semantic_review
5402,4,unresolved_fragment,,unattributed,requires_semantic_review
5403,8,symbolic_candidate,,unattributed,requires_semantic_review
5404,12,symbolic_candidate,,unattributed,requires_semantic_review
5405,14,symbolic_candidate,,unattributed,requires_semantic_review
5406,10,symbolic_candidate,,unattributed,requires_semantic_review
5407,12,unresolved_fragment,,unattributed,requires_semantic_review
5408,20,symbolic_candidate,,unattributed,requires_semantic_review
5409,15,symbolic_candidate,,unattributed,requires_semantic_review
5410,29,symbolic_candidate,,unattributed,requires_semantic_review
5411,7,unresolved_fragment,,unattributed,requires_semantic_review
5412,17,symbolic_candidate,,unattributed,requires_semantic_review
5413,6,symbolic_candidate,,unattributed,requires_semantic_review
5414,17,unresolved_fragment,,unattributed,requires_semantic_review
5415,12,symbolic_candidate,,unattributed,requires_semantic_review
5416,15,symbolic_candidate,,unattributed,requires_semantic_review
5417,4,unresolved_fragment,,unattributed,requires_semantic_review
5418,15,unresolved_fragment,,unattributed,requires_semantic_review
5419,16,unresolved_fragment,,unattributed,requires_semantic_review
5420,28,unresolved_fragment,,unattributed,requires_semantic_review
5421,24,prose_candidate,X-1004,dialogue_turn_unattributed,requires_semantic_review
5422,29,prose_candidate,X-1005,unattributed,requires_semantic_review
5423,20,unresolved_fragment,,unattributed,requires_semantic_review
5424,10,symbolic_candidate,,unattributed,requires_semantic_review
5425,19,unresolved_fragment,,unattributed,requires_semantic_review
5426,29,prose_candidate,X-1006,unattributed,requires_semantic_review
5427,23,unresolved_fragment,,unattributed,requires_semantic_review
5428,10,unresolved_fragment,,unattributed,requires_semantic_review
5429,16,symbolic_candidate,,unattributed,requires_semantic_review
5430,31,prose_candidate,X-1007,dialogue_turn_unattributed,requires_semantic_review
5431,16,symbolic_candidate,,unattributed,requires_semantic_review
5432,24,prose_candidate,X-1008,unattributed,requires_semantic_review
5433,7,unresolved_fragment,,unattributed,requires_semantic_review
5434,21,symbolic_candidate,,unattributed,requires_semantic_review
5435,15,symbolic_candidate,,unattributed,requires_semantic_review
5436,2,unresolved_fragment,,unattributed,requires_semantic_review
5437,2,unresolved_fragment,,unattributed,requires_semantic_review
5438,2,unresolved_fragment,,unattributed,requires_semantic_review
5439,15,symbolic_candidate,,unattributed,requires_semantic_review
5440,10,unresolved_fragment,,unattributed,requires_semantic_review
5441,13,symbolic_candidate,,unattributed,requires_semantic_review
5442,9,unresolved_fragment,,unattributed,requires_semantic_review
5443,2,unresolved_fragment,,unattributed,requires_semantic_review
5444,10,symbolic_candidate,,unattributed,requires_semantic_review
5445,44,prose_candidate,X-1009,dialogue_turn_unattributed,requires_semantic_review
5446,17,symbolic_candidate,,unattributed,requires_semantic_review
5447,14,symbolic_candidate,,unattributed,requires_semantic_review
5448,27,symbolic_candidate,,unattributed,requires_semantic_review
5449,9,symbolic_candidate,,unattributed,requires_semantic_review
5450,7,symbolic_candidate,,unattributed,requires_semantic_review
5451,32,prose_candidate,X-1010,dialogue_turn_unattributed,requires_semantic_review
5452,9,unresolved_fragment,,unattributed,requires_semantic_review
5453,9,unresolved_fragment,,unattributed,requires_semantic_review
5454,15,unresolved_fragment,,unattributed,requires_semantic_review
5455,10,unresolved_fragment,,unattributed,requires_semantic_review
5456,11,unresolved_fragment,,unattributed,requires_semantic_review
5457,9,unresolved_fragment,,unattributed,requires_semantic_review
5458,7,unresolved_fragment,,unattributed,requires_semantic_review
5459,8,symbolic_candidate,,unattributed,requires_semantic_review
5460,11,unresolved_fragment,,unattributed,requires_semantic_review
5461,5,unresolved_fragment,,unattributed,requires_semantic_review
5462,7,unresolved_fragment,,unattributed,requires_semantic_review
5463,10,unresolved_fragment,,unattributed,requires_semantic_review
5464,7,unresolved_fragment,,unattributed,requires_semantic_review
5465,8,unresolved_fragment,,unattributed,requires_semantic_review
5466,9,unresolved_fragment,,unattributed,requires_semantic_review
5467,8,symbolic_candidate,,unattributed,requires_semantic_review
5468,11,symbolic_candidate,,unattributed,requires_semantic_review
5469,7,unresolved_fragment,,unattributed,requires_semantic_review
5470,10,symbolic_candidate,,unattributed,requires_semantic_review
5471,6,symbolic_candidate,,unattributed,requires_semantic_review
5472,47,prose_candidate,X-1011,dialogue_turn_unattributed,requires_semantic_review
5473,13,symbolic_candidate,,unattributed,requires_semantic_review
5474,13,symbolic_candidate,,unattributed,requires_semantic_review
5475,9,unresolved_fragment,,unattributed,requires_semantic_review
5476,11,symbolic_candidate,,unattributed,requires_semantic_review
5477,13,unresolved_fragment,,unattributed,requires_semantic_review
5478,48,prose_candidate,X-1012,dialogue_turn_unattributed,requires_semantic_review
5479,10,unresolved_fragment,,unattributed,requires_semantic_review
5480,11,unresolved_fragment,,unattributed,requires_semantic_review
5481,29,prose_candidate,X-1013,unattributed,requires_semantic_review
5482,47,prose_candidate,X-1014,dialogue_turn_unattributed,requires_semantic_review
5483,40,prose_candidate,X-1015,unattributed,requires_semantic_review
5484,41,prose_candidate,X-1016,unattributed,requires_semantic_review
5485,6,unresolved_fragment,,unattributed,requires_semantic_review
5486,11,unresolved_fragment,,unattributed,requires_semantic_review
5487,5,unresolved_fragment,,unattributed,requires_semantic_review
5488,9,unresolved_fragment,,unattributed,requires_semantic_review
5489,12,symbolic_candidate,,unattributed,requires_semantic_review
5490,9,symbolic_candidate,,unattributed,requires_semantic_review
5491,5,unresolved_fragment,,unattributed,requires_semantic_review
5492,35,symbolic_candidate,,unattributed,requires_semantic_review
5493,27,prose_candidate,X-1017,unattributed,requires_semantic_review
5494,32,symbolic_candidate,,unattributed,requires_semantic_review
5495,7,unresolved_fragment,,unattributed,requires_semantic_review
5496,9,unresolved_fragment,,unattributed,requires_semantic_review
5497,12,symbolic_candidate,,unattributed,requires_semantic_review
5498,38,prose_candidate,X-1018,dialogue_turn_unattributed,requires_semantic_review
5499,19,unresolved_fragment,,unattributed,requires_semantic_review
5500,9,symbolic_candidate,,unattributed,requires_semantic_review
5501,38,prose_candidate,X-1019,dialogue_turn_unattributed,requires_semantic_review
5502,15,symbolic_candidate,,unattributed,requires_semantic_review
5503,9,symbolic_candidate,,unattributed,requires_semantic_review
5504,8,unresolved_fragment,,unattributed,requires_semantic_review
5505,10,unresolved_fragment,,unattributed,requires_semantic_review
5506,14,symbolic_candidate,,unattributed,requires_semantic_review
5507,15,symbolic_candidate,,unattributed,requires_semantic_review
5508,12,unresolved_fragment,,unattributed,requires_semantic_review
5509,17,unresolved_fragment,,unattributed,requires_semantic_review
5510,54,prose_candidate,X-1020,unattributed,requires_semantic_review
5511,26,prose_candidate,X-1021,unattributed,requires_semantic_review
5512,46,prose_candidate,X-1022,unattributed,requires_semantic_review
5513,18,unresolved_fragment,,unattributed,requires_semantic_review
5514,6,symbolic_candidate,,unattributed,requires_semantic_review
5515,10,unresolved_fragment,,unattributed,requires_semantic_review
5516,17,symbolic_candidate,,unattributed,requires_semantic_review
5517,16,symbolic_candidate,,unattributed,requires_semantic_review
5518,29,symbolic_candidate,,unattributed,requires_semantic_review
5519,16,symbolic_candidate,,unattributed,requires_semantic_review
5520,17,symbolic_candidate,,unattributed,requires_semantic_review
5521,15,unresolved_fragment,,unattributed,requires_semantic_review
5522,12,symbolic_candidate,,unattributed,requires_semantic_review
5523,1,unresolved_fragment,,unattributed,requires_semantic_review
5524,24,prose_candidate,X-1023,unattributed,requires_semantic_review
5525,12,unresolved_fragment,,unattributed,requires_semantic_review
5526,8,unresolved_fragment,,unattributed,requires_semantic_review
5527,10,symbolic_candidate,,unattributed,requires_semantic_review
5528,6,unresolved_fragment,,unattributed,requires_semantic_review
5529,9,unresolved_fragment,,unattributed,requires_semantic_review
5530,5,unresolved_fragment,,unattributed,requires_semantic_review
5531,8,unresolved_fragment,,unattributed,requires_semantic_review
5532,11,unresolved_fragment,,unattributed,requires_semantic_review
5533,6,unresolved_fragment,,unattributed,requires_semantic_review
5534,11,unresolved_fragment,,unattributed,requires_semantic_review
5535,12,symbolic_candidate,,unattributed,requires_semantic_review
5536,17,symbolic_candidate,,unattributed,requires_semantic_review
5537,18,symbolic_candidate,,unattributed,requires_semantic_review
5538,73,prose_candidate,X-1024,dialogue_turn_unattributed,requires_semantic_review
5539,3,symbolic_candidate,,unattributed,requires_semantic_review
5540,2,unresolved_fragment,,unattributed,requires_semantic_review
5541,12,symbolic_candidate,,unattributed,requires_semantic_review
5542,16,unresolved_fragment,,unattributed,requires_semantic_review
5543,13,symbolic_candidate,,unattributed,requires_semantic_review
5544,10,symbolic_candidate,,unattributed,requires_semantic_review
5545,8,unresolved_fragment,,unattributed,requires_semantic_review
5546,29,symbolic_candidate,,unattributed,requires_semantic_review
5547,35,prose_candidate,X-1025,unattributed,requires_semantic_review
5548,6,unresolved_fragment,,unattributed,requires_semantic_review
5549,7,unresolved_fragment,,unattributed,requires_semantic_review
5550,28,symbolic_candidate,,unattributed,requires_semantic_review
5551,17,symbolic_candidate,,unattributed,requires_semantic_review
5552,66,prose_candidate,X-1026,dialogue_turn_unattributed,requires_semantic_review
5553,17,symbolic_candidate,,unattributed,requires_semantic_review
5554,22,symbolic_candidate,,unattributed,requires_semantic_review
5555,14,symbolic_candidate,,unattributed,requires_semantic_review
5556,18,unresolved_fragment,,unattributed,requires_semantic_review
5557,7,symbolic_candidate,,unattributed,requires_semantic_review
5558,5,unresolved_fragment,,unattributed,requires_semantic_review
5559,5,structural,,unattributed,classified
5560,9,symbolic_candidate,,unattributed,requires_semantic_review
5561,19,unresolved_fragment,,unattributed,requires_semantic_review
5562,24,prose_candidate,X-1027,unattributed,requires_semantic_review
